
Position
 ==================== 
Position X,Position Y,Position Z,Unit,Category,Collection,Time,ID,
21.3576,39.4386,-83.1333,um,Surface,Position,1,0,
50.4132,45.3544,-83.2046,um,Surface,Position,1,1,
47.7683,47.8354,-82.5637,um,Surface,Position,1,2,
46.1816,49.2355,-82.659,um,Surface,Position,1,3,
56.5376,61.8428,-83.3004,um,Surface,Position,1,4,
21.0161,39.2795,-82.5393,um,Surface,Position,1,5,
50.3849,46.4654,-82.4394,um,Surface,Position,1,6,
47.7175,48.0685,-81.8949,um,Surface,Position,1,7,
46.402,49.044,-81.5969,um,Surface,Position,1,8,
47.1137,49.3297,-81.8939,um,Surface,Position,1,9,
39.934,64.9185,-82.5964,um,Surface,Position,1,10,
25.9141,62.1411,-80.8294,um,Surface,Position,1,11,
56.2067,61.4476,-82.541,um,Surface,Position,1,12,
