
Ellipsoid Axis C
 ==================== 
Ellipsoid Axis C X,Ellipsoid Axis C Y,Ellipsoid Axis C Z,Unit,Category,Collection,Time,ID,
-0.0961576,0.0512155,0.994048,um,Surface,Ellipsoid Axis C,1,0,
-0.0454158,0.191168,0.980506,um,Surface,Ellipsoid Axis C,1,1,
-0.426876,0.523345,0.737486,um,Surface,Ellipsoid Axis C,1,2,
-0.0202708,-0.21293,0.976857,um,Surface,Ellipsoid Axis C,1,3,
0.0411201,0.0495951,0.997923,um,Surface,Ellipsoid Axis C,1,4,
0,0.0604711,0.99817,um,Surface,Ellipsoid Axis C,1,5,
0.0615952,0.254577,0.965089,um,Surface,Ellipsoid Axis C,1,6,
1.82182e-013,0.14616,0.989261,um,Surface,Ellipsoid Axis C,1,7,
0.220032,9.92416e-014,0.975493,um,Surface,Ellipsoid Axis C,1,8,
-0.157289,0.345627,0.925096,um,Surface,Ellipsoid Axis C,1,9,
-0.189631,0.134736,0.972567,um,Surface,Ellipsoid Axis C,1,10,
-0.0478003,-0.288754,0.956209,um,Surface,Ellipsoid Axis C,1,11,
-0.0288853,0.00513296,0.99957,um,Surface,Ellipsoid Axis C,1,12,
