
Volume
 ==================== 
Value,Unit,Category,Time,ID,
2.67358,um^3,Surface,1,0,
3.06604,um^3,Surface,1,1,
1.69835,um^3,Surface,1,2,
2.80402,um^3,Surface,1,3,
1.45514,um^3,Surface,1,4,
1.42894,um^3,Surface,1,5,
1.403,um^3,Surface,1,6,
1.60102,um^3,Surface,1,7,
2.92102,um^3,Surface,1,8,
2.20491,um^3,Surface,1,9,
2.36252,um^3,Surface,1,10,
2.18647,um^3,Surface,1,11,
1.72993,um^3,Surface,1,12,
1.4892,um^3,Surface,1,13,
1.35471,um^3,Surface,1,14,
1.26412,um^3,Surface,1,15,
1.53168,um^3,Surface,1,16,
1.18188,um^3,Surface,1,17,
3.07193,um^3,Surface,1,18,
2.0961,um^3,Surface,1,19,
2.20374,um^3,Surface,1,20,
2.58355,um^3,Surface,1,21,
1.43851,um^3,Surface,1,22,
1.42801,um^3,Surface,1,23,
0.408239,um^3,Surface,1,24,
1.93827,um^3,Surface,1,25,
2.47558,um^3,Surface,1,26,
1.93864,um^3,Surface,1,27,
