
Position
 ==================== 
Position X,Position Y,Position Z,Unit,Category,Collection,Time,ID,
44.5005,43.5575,-81.8131,um,Surface,Position,1,0,
37.3417,33.3876,-81.8543,um,Surface,Position,1,1,
45.2576,44.1425,-81.8516,um,Surface,Position,1,2,
40.3756,45.0983,-81.796,um,Surface,Position,1,3,
41.9415,46.8972,-81.7085,um,Surface,Position,1,4,
44.4249,46.8816,-81.7672,um,Surface,Position,1,5,
44.9561,47.5482,-81.7888,um,Surface,Position,1,6,
41.6883,48.1687,-81.705,um,Surface,Position,1,7,
63.2465,30.9512,-81.9178,um,Surface,Position,1,8,
54.8463,41.4102,-81.7062,um,Surface,Position,1,9,
49.2255,41.7908,-81.8676,um,Surface,Position,1,10,
50.1487,47.8958,-81.8358,um,Surface,Position,1,11,
44.8979,49.7759,-81.697,um,Surface,Position,1,12,
41.4877,50.8093,-81.7511,um,Surface,Position,1,13,
39.8691,50.8747,-81.7376,um,Surface,Position,1,14,
43.7488,51.0989,-81.7138,um,Surface,Position,1,15,
40.7443,51.5549,-81.7778,um,Surface,Position,1,16,
44.6597,51.7727,-81.7726,um,Surface,Position,1,17,
27.9456,67.1579,-81.6459,um,Surface,Position,1,18,
49.293,48.9388,-81.7924,um,Surface,Position,1,19,
47.5268,50.4342,-81.7422,um,Surface,Position,1,20,
54.5043,50.4747,-81.7732,um,Surface,Position,1,21,
46.1301,50.7355,-81.7934,um,Surface,Position,1,22,
45.6137,51.5995,-81.7846,um,Surface,Position,1,23,
64.7768,53.0783,-81.6443,um,Surface,Position,1,24,
55.3733,55.2772,-81.7595,um,Surface,Position,1,25,
62.609,66.6354,-81.1565,um,Surface,Position,1,26,
46.9362,52.3009,-80.478,um,Surface,Position,1,27,
