
Ellipsoid Axis C
 ==================== 
Ellipsoid Axis C X,Ellipsoid Axis C Y,Ellipsoid Axis C Z,Unit,Category,Collection,Time,ID,
0.183089,-0.147683,0.97194,um,Surface,Ellipsoid Axis C,1,0,
0.0545931,-0.00360924,0.998502,um,Surface,Ellipsoid Axis C,1,1,
0.0536282,0.0131574,0.998474,um,Surface,Ellipsoid Axis C,1,2,
-0.0374732,0.0410019,0.998456,um,Surface,Ellipsoid Axis C,1,3,
0.0579619,-0.0240843,0.998028,um,Surface,Ellipsoid Axis C,1,4,
-0.00762145,-0.076605,0.997032,um,Surface,Ellipsoid Axis C,1,5,
0.0306173,0.00498016,0.999519,um,Surface,Ellipsoid Axis C,1,6,
0.0633461,-0.00819001,0.997958,um,Surface,Ellipsoid Axis C,1,7,
0.00687505,0.0119723,0.999905,um,Surface,Ellipsoid Axis C,1,8,
-0.047742,-0.0168703,0.998717,um,Surface,Ellipsoid Axis C,1,9,
0.16268,0.0911429,0.98246,um,Surface,Ellipsoid Axis C,1,10,
0.04171,0.034443,0.998536,um,Surface,Ellipsoid Axis C,1,11,
0.0787546,0.0128747,0.996811,um,Surface,Ellipsoid Axis C,1,12,
0.110177,0.0183791,0.993742,um,Surface,Ellipsoid Axis C,1,13,
0.0532408,-0.0629839,0.996593,um,Surface,Ellipsoid Axis C,1,14,
0.0301807,-0.0155567,0.999423,um,Surface,Ellipsoid Axis C,1,15,
0.0278868,0.0114911,0.999545,um,Surface,Ellipsoid Axis C,1,16,
-0.0150676,-0.0202537,0.999681,um,Surface,Ellipsoid Axis C,1,17,
0.0204931,0.0311067,0.999306,um,Surface,Ellipsoid Axis C,1,18,
-0.0106333,0.129681,0.991499,um,Surface,Ellipsoid Axis C,1,19,
0.093473,-0.014161,0.995521,um,Surface,Ellipsoid Axis C,1,20,
0.0932831,-0.0369155,0.994955,um,Surface,Ellipsoid Axis C,1,21,
-0.000941026,-0.0333438,0.999443,um,Surface,Ellipsoid Axis C,1,22,
0.0802133,0.0517939,0.995431,um,Surface,Ellipsoid Axis C,1,23,
0.0362706,-0.046549,0.998257,um,Surface,Ellipsoid Axis C,1,24,
0.0271989,-0.0236965,0.999349,um,Surface,Ellipsoid Axis C,1,25,
-0.148982,0.122593,0.981211,um,Surface,Ellipsoid Axis C,1,26,
0.229799,-0.0218792,0.972992,um,Surface,Ellipsoid Axis C,1,27,
