
Ellipsoid Axis Length B
 ==================== 
Value,Unit,Category,Time,ID,
0.907737,um,Surface,1,0,
0.938712,um,Surface,1,1,
0.667728,um,Surface,1,2,
0.983727,um,Surface,1,3,
0.650981,um,Surface,1,4,
0.567935,um,Surface,1,5,
0.61249,um,Surface,1,6,
0.712867,um,Surface,1,7,
1.09768,um,Surface,1,8,
0.698429,um,Surface,1,9,
0.882143,um,Surface,1,10,
0.848307,um,Surface,1,11,
0.74385,um,Surface,1,12,
0.694889,um,Surface,1,13,
0.555818,um,Surface,1,14,
0.615536,um,Surface,1,15,
0.674596,um,Surface,1,16,
0.618434,um,Surface,1,17,
0.974439,um,Surface,1,18,
0.91587,um,Surface,1,19,
0.869221,um,Surface,1,20,
0.856951,um,Surface,1,21,
0.808524,um,Surface,1,22,
0.623997,um,Surface,1,23,
0.574751,um,Surface,1,24,
0.719585,um,Surface,1,25,
0.652825,um,Surface,1,26,
0.711536,um,Surface,1,27,
