
Ellipsoid Axis Length A
 ==================== 
Value,Unit,Category,Time,ID,
0.55554,um,Surface,1,0,
0.581928,um,Surface,1,1,
0.505623,um,Surface,1,2,
0.535743,um,Surface,1,3,
0.503822,um,Surface,1,4,
0.520552,um,Surface,1,5,
0.492655,um,Surface,1,6,
0.48967,um,Surface,1,7,
0.533566,um,Surface,1,8,
0.561318,um,Surface,1,9,
0.527069,um,Surface,1,10,
0.512933,um,Surface,1,11,
0.487099,um,Surface,1,12,
0.484311,um,Surface,1,13,
0.518939,um,Surface,1,14,
0.462016,um,Surface,1,15,
0.48436,um,Surface,1,16,
0.443731,um,Surface,1,17,
0.570049,um,Surface,1,18,
0.483372,um,Surface,1,19,
0.504941,um,Surface,1,20,
0.545892,um,Surface,1,21,
0.457837,um,Surface,1,22,
0.505524,um,Surface,1,23,
0.187858,um,Surface,1,24,
0.524072,um,Surface,1,25,
0.569908,um,Surface,1,26,
0.546839,um,Surface,1,27,
