
Ellipsoid Axis Length C
 ==================== 
Value,Unit,Category,Time,ID,
1.26012,um,Surface,1,0,
1.32593,um,Surface,1,1,
1.17633,um,Surface,1,2,
1.25535,um,Surface,1,3,
1.04644,um,Surface,1,4,
1.15947,um,Surface,1,5,
1.13878,um,Surface,1,6,
1.08804,um,Surface,1,7,
1.16655,um,Surface,1,8,
1.35816,um,Surface,1,9,
1.17836,um,Surface,1,10,
1.16894,um,Surface,1,11,
1.14515,um,Surface,1,12,
1.06297,um,Surface,1,13,
1.09263,um,Surface,1,14,
1.04726,um,Surface,1,15,
1.10243,um,Surface,1,16,
1.04157,um,Surface,1,17,
1.35381,um,Surface,1,18,
1.13951,um,Surface,1,19,
1.19846,um,Surface,1,20,
1.31353,um,Surface,1,21,
0.963132,um,Surface,1,22,
1.09721,um,Surface,1,23,
1.00289,um,Surface,1,24,
1.22981,um,Surface,1,25,
1.55161,um,Surface,1,26,
1.16478,um,Surface,1,27,
