
Ellipsoid Axis Length A
 ==================== 
Value,Unit,Category,Time,ID,
0.583368,um,Surface,1,0,
0.523511,um,Surface,1,1,
0.506964,um,Surface,1,2,
0.580157,um,Surface,1,3,
0.555101,um,Surface,1,4,
0.412421,um,Surface,1,5,
0.346453,um,Surface,1,6,
0.338442,um,Surface,1,7,
0.49326,um,Surface,1,8,
0.407104,um,Surface,1,9,
0.442257,um,Surface,1,10,
0.58781,um,Surface,1,11,
0.556226,um,Surface,1,12,
0.697374,um,Surface,1,13,
0.541803,um,Surface,1,14,
0.526258,um,Surface,1,15,
0.675813,um,Surface,1,16,
0.626675,um,Surface,1,17,
0.538542,um,Surface,1,18,
0.75353,um,Surface,1,19,
0.505077,um,Surface,1,20,
0.411167,um,Surface,1,21,
0.512523,um,Surface,1,22,
0.513235,um,Surface,1,23,
0.602401,um,Surface,1,24,
0.554933,um,Surface,1,25,
0.628334,um,Surface,1,26,
0.66862,um,Surface,1,27,
0.610901,um,Surface,1,28,
0.585124,um,Surface,1,29,
0.574586,um,Surface,1,30,
0.036676,um,Surface,1,31,
0.531769,um,Surface,1,32,
0.573825,um,Surface,1,33,
0.555782,um,Surface,1,34,
0.699218,um,Surface,1,35,
0.640628,um,Surface,1,36,
0.566421,um,Surface,1,37,
0.534655,um,Surface,1,38,
