
Ellipsoid Axis Length B
 ==================== 
Value,Unit,Category,Time,ID,
0.696937,um,Surface,1,0,
0.85168,um,Surface,1,1,
0.771782,um,Surface,1,2,
0.849749,um,Surface,1,3,
0.859984,um,Surface,1,4,
0.738619,um,Surface,1,5,
0.613212,um,Surface,1,6,
0.564501,um,Surface,1,7,
0.658243,um,Surface,1,8,
0.60405,um,Surface,1,9,
0.976125,um,Surface,1,10,
0.745769,um,Surface,1,11,
0.672815,um,Surface,1,12,
1.18161,um,Surface,1,13,
0.821393,um,Surface,1,14,
1.14251,um,Surface,1,15,
1.01848,um,Surface,1,16,
0.958202,um,Surface,1,17,
0.620492,um,Surface,1,18,
1.07165,um,Surface,1,19,
0.671604,um,Surface,1,20,
0.733744,um,Surface,1,21,
0.648845,um,Surface,1,22,
0.708725,um,Surface,1,23,
0.68498,um,Surface,1,24,
0.599122,um,Surface,1,25,
0.692681,um,Surface,1,26,
0.906508,um,Surface,1,27,
0.698942,um,Surface,1,28,
0.778059,um,Surface,1,29,
0.950217,um,Surface,1,30,
0.0598916,um,Surface,1,31,
1.06578,um,Surface,1,32,
0.715227,um,Surface,1,33,
0.739132,um,Surface,1,34,
0.888307,um,Surface,1,35,
0.927427,um,Surface,1,36,
0.897697,um,Surface,1,37,
1.06969,um,Surface,1,38,
