
Ellipsoid Axis Length C
 ==================== 
Value,Unit,Category,Time,ID,
1.36683,um,Surface,1,0,
1.12949,um,Surface,1,1,
1.31842,um,Surface,1,2,
1.56695,um,Surface,1,3,
1.40771,um,Surface,1,4,
1.09919,um,Surface,1,5,
0.672675,um,Surface,1,6,
0.981302,um,Surface,1,7,
1.09981,um,Surface,1,8,
1.04836,um,Surface,1,9,
1.12125,um,Surface,1,10,
1.45159,um,Surface,1,11,
1.12427,um,Surface,1,12,
1.55636,um,Surface,1,13,
1.19511,um,Surface,1,14,
1.41978,um,Surface,1,15,
1.92056,um,Surface,1,16,
1.28237,um,Surface,1,17,
1.33915,um,Surface,1,18,
1.3369,um,Surface,1,19,
1.17163,um,Surface,1,20,
1.1593,um,Surface,1,21,
1.07724,um,Surface,1,22,
1.67598,um,Surface,1,23,
1.47419,um,Surface,1,24,
1.37587,um,Surface,1,25,
1.38454,um,Surface,1,26,
1.84133,um,Surface,1,27,
1.36117,um,Surface,1,28,
1.33762,um,Surface,1,29,
1.20157,um,Surface,1,30,
1.25051,um,Surface,1,31,
1.1647,um,Surface,1,32,
1.44435,um,Surface,1,33,
1.41678,um,Surface,1,34,
1.50862,um,Surface,1,35,
1.54037,um,Surface,1,36,
1.34307,um,Surface,1,37,
1.21598,um,Surface,1,38,
