
Volume
 ==================== 
Value,Unit,Category,Time,ID,
2.34589,um^3,Surface,1,0,
2.07369,um^3,Surface,1,1,
2.15843,um^3,Surface,1,2,
3.21479,um^3,Surface,1,3,
2.7924,um^3,Surface,1,4,
1.41275,um^3,Surface,1,5,
0.586073,um^3,Surface,1,6,
0.740835,um^3,Surface,1,7,
1.47223,um^3,Surface,1,8,
0.939544,um^3,Surface,1,9,
1.77014,um^3,Surface,1,10,
2.64621,um^3,Surface,1,11,
1.84921,um^3,Surface,1,12,
5.13674,um^3,Surface,1,13,
2.28032,um^3,Surface,1,14,
3.60247,um^3,Surface,1,15,
5.18482,um^3,Surface,1,16,
3.25684,um^3,Surface,1,17,
1.9035,um^3,Surface,1,18,
3.93614,um^3,Surface,1,19,
1.65753,um^3,Surface,1,20,
1.386,um^3,Surface,1,21,
1.43298,um^3,Surface,1,22,
2.3335,um^3,Surface,1,23,
2.53502,um^3,Surface,1,24,
1.95439,um^3,Surface,1,25,
2.2506,um^3,Surface,1,26,
4.3465,um^3,Surface,1,27,
2.40525,um^3,Surface,1,28,
2.54288,um^3,Surface,1,29,
2.67646,um^3,Surface,1,30,
0.0111209,um^3,Surface,1,31,
2.68902,um^3,Surface,1,32,
2.46833,um^3,Surface,1,33,
2.42549,um^3,Surface,1,34,
4.03485,um^3,Surface,1,35,
3.81172,um^3,Surface,1,36,
2.89414,um^3,Surface,1,37,
2.77568,um^3,Surface,1,38,
