
Position
 ==================== 
Position X,Position Y,Position Z,Unit,Category,Collection,Time,ID,
22.0025,29.243,-81.011,um,Surface,Position,1,0,
16.9239,33.7426,-80.9854,um,Surface,Position,1,1,
25.7964,29.1198,-81.0232,um,Surface,Position,1,2,
30.4587,30.1654,-81.0233,um,Surface,Position,1,3,
29.2858,30.2071,-81.0068,um,Surface,Position,1,4,
25.6145,30.5037,-81.0197,um,Surface,Position,1,5,
28.8851,31.8417,-80.9607,um,Surface,Position,1,6,
24.1247,32.3384,-81.1226,um,Surface,Position,1,7,
25.4136,32.4588,-80.9246,um,Surface,Position,1,8,
24.8791,33.4139,-80.93,um,Surface,Position,1,9,
25.786,34.7678,-80.9012,um,Surface,Position,1,10,
20.8391,28.8289,-80.7917,um,Surface,Position,1,11,
21.2306,30.5363,-80.8896,um,Surface,Position,1,12,
19.7087,31.583,-80.82,um,Surface,Position,1,13,
23.0277,34.6765,-80.557,um,Surface,Position,1,14,
20.7592,35.354,-80.938,um,Surface,Position,1,15,
22.9012,32.518,-80.525,um,Surface,Position,1,16,
28.243,25.0202,-80.9377,um,Surface,Position,1,17,
26.9334,29.0243,-80.9247,um,Surface,Position,1,18,
27.0614,31.0068,-80.9808,um,Surface,Position,1,19,
24.8478,31.2453,-80.8974,um,Surface,Position,1,20,
29.2452,33.2951,-80.83,um,Surface,Position,1,21,
26.147,33.8105,-80.8906,um,Surface,Position,1,22,
28.3023,34.2465,-80.879,um,Surface,Position,1,23,
28.388,35.2937,-80.9646,um,Surface,Position,1,24,
25.0096,35.6804,-80.8068,um,Surface,Position,1,25,
23.833,33.1007,-80.6421,um,Surface,Position,1,26,
28.2123,33.3744,-80.5996,um,Surface,Position,1,27,
15.1025,36.6857,-80.9485,um,Surface,Position,1,28,
19.4005,37.5137,-80.8717,um,Surface,Position,1,29,
21.365,40.4685,-80.9122,um,Surface,Position,1,30,
20.8972,41.8009,-80.8827,um,Surface,Position,1,31,
20.8926,41.9798,-80.9087,um,Surface,Position,1,32,
22.1028,44.1901,-80.8544,um,Surface,Position,1,33,
22.8438,44.9371,-80.9339,um,Surface,Position,1,34,
9.00509,45.7484,-80.8574,um,Surface,Position,1,35,
30.3087,37.5143,-80.9699,um,Surface,Position,1,36,
24.9429,37.9012,-80.9301,um,Surface,Position,1,37,
32.2694,53.7419,-80.8298,um,Surface,Position,1,38,
