
Ellipsoid Axis C
 ==================== 
Ellipsoid Axis C X,Ellipsoid Axis C Y,Ellipsoid Axis C Z,Unit,Category,Collection,Time,ID,
0.0806864,0.0417283,0.995866,um,Surface,Ellipsoid Axis C,1,0,
0.0454452,0.0360194,0.998317,um,Surface,Ellipsoid Axis C,1,1,
0.0406498,0.0484944,0.997996,um,Surface,Ellipsoid Axis C,1,2,
0.0862571,-0.0204736,0.996063,um,Surface,Ellipsoid Axis C,1,3,
0.00950219,0.0174437,0.999803,um,Surface,Ellipsoid Axis C,1,4,
0.0619305,-0.00218215,0.998078,um,Surface,Ellipsoid Axis C,1,5,
0.0850085,-0.0834858,0.992876,um,Surface,Ellipsoid Axis C,1,6,
0.111726,0.0181575,0.993573,um,Surface,Ellipsoid Axis C,1,7,
0.118215,0.00907559,0.992947,um,Surface,Ellipsoid Axis C,1,8,
0.041075,0.0505419,0.997877,um,Surface,Ellipsoid Axis C,1,9,
-0.747405,-0.662495,0.0498579,um,Surface,Ellipsoid Axis C,1,10,
0.0895302,0.04781,0.994836,um,Surface,Ellipsoid Axis C,1,11,
0.0298505,0.010651,0.999498,um,Surface,Ellipsoid Axis C,1,12,
0.178629,0.150347,0.972362,um,Surface,Ellipsoid Axis C,1,13,
0.0572713,0.0258674,0.998024,um,Surface,Ellipsoid Axis C,1,14,
0.946021,-0.16978,0.276077,um,Surface,Ellipsoid Axis C,1,15,
-0.0117721,-0.0337141,0.999362,um,Surface,Ellipsoid Axis C,1,16,
0.096282,-0.0434482,0.994405,um,Surface,Ellipsoid Axis C,1,17,
0.0558152,0.0444418,0.997452,um,Surface,Ellipsoid Axis C,1,18,
0.115054,0.242149,0.963393,um,Surface,Ellipsoid Axis C,1,19,
0.103744,0.0139451,0.994506,um,Surface,Ellipsoid Axis C,1,20,
0.043085,0.181508,0.982445,um,Surface,Ellipsoid Axis C,1,21,
0.0546929,-0.0569774,0.996876,um,Surface,Ellipsoid Axis C,1,22,
0.0699693,-0.122499,0.989999,um,Surface,Ellipsoid Axis C,1,23,
0.0557864,0.0733409,0.995745,um,Surface,Ellipsoid Axis C,1,24,
0.051217,0.00506811,0.998675,um,Surface,Ellipsoid Axis C,1,25,
-0.220368,-0.0253729,0.975087,um,Surface,Ellipsoid Axis C,1,26,
0.213056,0.023902,0.976748,um,Surface,Ellipsoid Axis C,1,27,
0.0583942,0.0488749,0.997096,um,Surface,Ellipsoid Axis C,1,28,
0.0350602,0.0488166,0.998192,um,Surface,Ellipsoid Axis C,1,29,
0.0737381,0.0345521,0.996679,um,Surface,Ellipsoid Axis C,1,30,
0,0,1,um,Surface,Ellipsoid Axis C,1,31,
-0.00725909,0.813605,0.581373,um,Surface,Ellipsoid Axis C,1,32,
-0.0148645,-0.000213409,0.999889,um,Surface,Ellipsoid Axis C,1,33,
0.0316301,0.0417985,0.998625,um,Surface,Ellipsoid Axis C,1,34,
0.0421181,0.00223604,0.99911,um,Surface,Ellipsoid Axis C,1,35,
0.030823,0.00480764,0.999513,um,Surface,Ellipsoid Axis C,1,36,
-0.0381362,-0.0241809,0.99898,um,Surface,Ellipsoid Axis C,1,37,
-0.074313,-0.228523,-0.970698,um,Surface,Ellipsoid Axis C,1,38,
