
Ellipsoid Axis C
 ==================== 
Ellipsoid Axis C X,Ellipsoid Axis C Y,Ellipsoid Axis C Z,Unit,Category,Collection,Time,ID,
0.0331766,0.00332236,0.999444,um,Surface,Ellipsoid Axis C,1,0,
0.706854,-0.650965,0.276772,um,Surface,Ellipsoid Axis C,1,1,
0.882627,-0.167122,0.439362,um,Surface,Ellipsoid Axis C,1,2,
-0.0921542,0.111107,0.989527,um,Surface,Ellipsoid Axis C,1,3,
0.0303201,-0.0256988,0.99921,um,Surface,Ellipsoid Axis C,1,4,
0.0388051,-0.0836498,0.995739,um,Surface,Ellipsoid Axis C,1,5,
0.117314,0.0370972,0.992402,um,Surface,Ellipsoid Axis C,1,6,
-0.28657,-0.228119,0.930505,um,Surface,Ellipsoid Axis C,1,7,
0.0770004,-0.0315357,0.996532,um,Surface,Ellipsoid Axis C,1,8,
0.268491,-0.167642,0.948583,um,Surface,Ellipsoid Axis C,1,9,
0.030857,0.0113035,0.99946,um,Surface,Ellipsoid Axis C,1,10,
