
Position
 ==================== 
Position X,Position Y,Position Z,Unit,Category,Collection,Time,ID,
-42.4351,66.1293,-81.3237,um,Surface,Position,1,0,
-41.844,68.2814,-81.3377,um,Surface,Position,1,1,
-24.4874,58.2038,-81.4018,um,Surface,Position,1,2,
-19.9895,68.2128,-81.3586,um,Surface,Position,1,3,
-16.0341,70.3083,-81.275,um,Surface,Position,1,4,
-19.2046,67.561,-81.169,um,Surface,Position,1,5,
-19.0537,68.5586,-81.2966,um,Surface,Position,1,6,
-17.3436,70.1213,-81.2468,um,Surface,Position,1,7,
-42.6202,89.8656,-81.2011,um,Surface,Position,1,8,
-24.0938,80.372,-81.1314,um,Surface,Position,1,9,
-12.5302,85.7495,-81.2043,um,Surface,Position,1,10,
