
Ellipsoid Axis Length B
 ==================== 
Value,Unit,Category,Time,ID,
0.752898,um,Surface,1,0,
0.865513,um,Surface,1,1,
0.692459,um,Surface,1,2,
0.60262,um,Surface,1,3,
0.632232,um,Surface,1,4,
0.652423,um,Surface,1,5,
0.659289,um,Surface,1,6,
0.600507,um,Surface,1,7,
0.541301,um,Surface,1,8,
0.520905,um,Surface,1,9,
0.607838,um,Surface,1,10,
0.562841,um,Surface,1,11,
0.476431,um,Surface,1,12,
0.676669,um,Surface,1,13,
0.539224,um,Surface,1,14,
0.958696,um,Surface,1,15,
0.567309,um,Surface,1,16,
0.665829,um,Surface,1,17,
0.549563,um,Surface,1,18,
