
Ellipsoid Axis Length A
 ==================== 
Value,Unit,Category,Time,ID,
0.474324,um,Surface,1,0,
0.491888,um,Surface,1,1,
0.48985,um,Surface,1,2,
0.440608,um,Surface,1,3,
0.431339,um,Surface,1,4,
0.465784,um,Surface,1,5,
0.561067,um,Surface,1,6,
0.463592,um,Surface,1,7,
0.53506,um,Surface,1,8,
0.440463,um,Surface,1,9,
0.528238,um,Surface,1,10,
0.517736,um,Surface,1,11,
0.429141,um,Surface,1,12,
0.454643,um,Surface,1,13,
0.374945,um,Surface,1,14,
0.594432,um,Surface,1,15,
0.542172,um,Surface,1,16,
0.426405,um,Surface,1,17,
0.473591,um,Surface,1,18,
