
Position
 ==================== 
Position X,Position Y,Position Z,Unit,Category,Collection,Time,ID,
-8.45575,42.9844,-81.6627,um,Surface,Position,1,0,
-14.7063,43.5913,-81.6416,um,Surface,Position,1,1,
-6.76891,44.5534,-81.6374,um,Surface,Position,1,2,
-8.89739,44.6428,-81.6172,um,Surface,Position,1,3,
-9.47065,46.9752,-81.6084,um,Surface,Position,1,4,
-8.02418,47.4963,-81.641,um,Surface,Position,1,5,
-14.3639,47.5645,-81.6036,um,Surface,Position,1,6,
-10.5234,47.6385,-81.6127,um,Surface,Position,1,7,
-3.61433,46.4997,-81.5625,um,Surface,Position,1,8,
-10.3035,53.451,-81.6048,um,Surface,Position,1,9,
-2.15391,55.4265,-81.5521,um,Surface,Position,1,10,
-2.76171,56.2263,-81.556,um,Surface,Position,1,11,
12.451,67.5289,-81.4914,um,Surface,Position,1,12,
-6.6413,45.7175,-81.2753,um,Surface,Position,1,13,
-7.17837,46.9439,-81.3283,um,Surface,Position,1,14,
-12.4975,48.0691,-81.4708,um,Surface,Position,1,15,
10.3443,43.2161,-81.4539,um,Surface,Position,1,16,
-10.8208,52.5977,-81.4212,um,Surface,Position,1,17,
-10.7011,54.1716,-81.3923,um,Surface,Position,1,18,
