
Ellipsoid Axis C
 ==================== 
Ellipsoid Axis C X,Ellipsoid Axis C Y,Ellipsoid Axis C Z,Unit,Category,Collection,Time,ID,
0.081867,0.050516,0.995362,um,Surface,Ellipsoid Axis C,1,0,
0.0618788,0.0266145,0.997729,um,Surface,Ellipsoid Axis C,1,1,
0.129981,0.154793,0.979359,um,Surface,Ellipsoid Axis C,1,2,
-0.0118162,0.00866885,0.999893,um,Surface,Ellipsoid Axis C,1,3,
-0.00711459,-0.00100908,0.999974,um,Surface,Ellipsoid Axis C,1,4,
-0.0128581,0.0412281,0.999067,um,Surface,Ellipsoid Axis C,1,5,
0.0684055,0.0407086,0.996827,um,Surface,Ellipsoid Axis C,1,6,
0.0905177,0.0387462,0.995141,um,Surface,Ellipsoid Axis C,1,7,
0.0634514,0.0626163,0.996019,um,Surface,Ellipsoid Axis C,1,8,
0.0832025,-0.0130517,0.996447,um,Surface,Ellipsoid Axis C,1,9,
0.0422251,-0.0172702,0.998959,um,Surface,Ellipsoid Axis C,1,10,
0.0230442,0.0613524,0.99785,um,Surface,Ellipsoid Axis C,1,11,
0.0550173,-0.0440496,0.997513,um,Surface,Ellipsoid Axis C,1,12,
0.0997311,-0.611655,0.784813,um,Surface,Ellipsoid Axis C,1,13,
0.0426617,-0.645816,0.7623,um,Surface,Ellipsoid Axis C,1,14,
-0.125425,0.110559,0.985924,um,Surface,Ellipsoid Axis C,1,15,
0.0593868,0.0824144,0.994827,um,Surface,Ellipsoid Axis C,1,16,
0.445684,-0.0371678,0.894418,um,Surface,Ellipsoid Axis C,1,17,
0.01182,0.0587242,0.998204,um,Surface,Ellipsoid Axis C,1,18,
