
Ellipsoid Axis Length C
 ==================== 
Value,Unit,Category,Time,ID,
1.02585,um,Surface,1,0,
1.04379,um,Surface,1,1,
0.911237,um,Surface,1,2,
1.01832,um,Surface,1,3,
0.988404,um,Surface,1,4,
0.961986,um,Surface,1,5,
1.14401,um,Surface,1,6,
1.0111,um,Surface,1,7,
1.11446,um,Surface,1,8,
0.920077,um,Surface,1,9,
1.15155,um,Surface,1,10,
1.12185,um,Surface,1,11,
0.75262,um,Surface,1,12,
1.13385,um,Surface,1,13,
0.964231,um,Surface,1,14,
1.13836,um,Surface,1,15,
1.13513,um,Surface,1,16,
0.847353,um,Surface,1,17,
0.988848,um,Surface,1,18,
