
Volume
 ==================== 
Value,Unit,Category,Time,ID,
1.52448,um^3,Surface,1,0,
1.75982,um^3,Surface,1,1,
1.25544,um^3,Surface,1,2,
1.10873,um^3,Surface,1,3,
1.068,um^3,Surface,1,4,
1.17653,um^3,Surface,1,5,
1.82839,um^3,Surface,1,6,
1.14162,um^3,Surface,1,7,
1.34731,um^3,Surface,1,8,
0.815213,um^3,Surface,1,9,
1.52651,um^3,Surface,1,10,
1.36629,um^3,Surface,1,11,
0.622831,um^3,Surface,1,12,
1.42383,um^3,Surface,1,13,
0.728409,um^3,Surface,1,14,
2.07334,um^3,Surface,1,15,
1.48692,um^3,Surface,1,16,
0.995818,um^3,Surface,1,17,
1.03712,um^3,Surface,1,18,
