
Ellipsoid Axis C
 ==================== 
Ellipsoid Axis C X,Ellipsoid Axis C Y,Ellipsoid Axis C Z,Unit,Category,Collection,Time,ID,
-0.0436452,-0.0286448,0.998636,um,Surface,Ellipsoid Axis C,1,0,
-0.0270865,0.0218221,0.999395,um,Surface,Ellipsoid Axis C,1,1,
-0.040508,-0.160065,0.986275,um,Surface,Ellipsoid Axis C,1,2,
0.136707,0.0364887,0.989939,um,Surface,Ellipsoid Axis C,1,3,
0.0242525,-0.052573,0.998323,um,Surface,Ellipsoid Axis C,1,4,
0.18654,-0.0175345,0.982291,um,Surface,Ellipsoid Axis C,1,5,
0.0965995,0.0307019,0.99485,um,Surface,Ellipsoid Axis C,1,6,
-0.0052756,-0.0561102,0.998411,um,Surface,Ellipsoid Axis C,1,7,
0.151068,0.380891,0.912196,um,Surface,Ellipsoid Axis C,1,8,
0.0502854,-0.00567357,0.998719,um,Surface,Ellipsoid Axis C,1,9,
0.0602272,0.164938,0.984463,um,Surface,Ellipsoid Axis C,1,10,
0.0175475,-0.0130455,0.999761,um,Surface,Ellipsoid Axis C,1,11,
-0.149816,-0.0614976,0.9868,um,Surface,Ellipsoid Axis C,1,12,
