
Position
 ==================== 
Position X,Position Y,Position Z,Unit,Category,Collection,Time,ID,
-9.90341,45.8756,-81.7327,um,Surface,Position,1,0,
-7.76899,46.2066,-81.7475,um,Surface,Position,1,1,
-11.4779,46.4966,-81.8,um,Surface,Position,1,2,
-13.4814,46.8637,-81.805,um,Surface,Position,1,3,
-9.44044,48.9855,-81.6895,um,Surface,Position,1,4,
-12.3642,31.1449,-81.782,um,Surface,Position,1,5,
-11.402,42.5432,-81.7869,um,Surface,Position,1,6,
-11.8581,49.4185,-81.6946,um,Surface,Position,1,7,
-10.512,46.8922,-81.1368,um,Surface,Position,1,8,
-9.14399,52.8242,-81.726,um,Surface,Position,1,9,
5.05037,51.2314,-81.7379,um,Surface,Position,1,10,
-4.02812,61.2998,-81.6889,um,Surface,Position,1,11,
8.32244,55.3667,-79.0523,um,Surface,Position,1,12,
