
Volume
 ==================== 
Value,Unit,Category,Time,ID,
1.44038,um^3,Surface,1,0,
1.00625,um^3,Surface,1,1,
0.896152,um^3,Surface,1,2,
0.881962,um^3,Surface,1,3,
0.912411,um^3,Surface,1,4,
1.14407,um^3,Surface,1,5,
1.16304,um^3,Surface,1,6,
0.782874,um^3,Surface,1,7,
0.609329,um^3,Surface,1,8,
1.6167,um^3,Surface,1,9,
1.71709,um^3,Surface,1,10,
2.16708,um^3,Surface,1,11,
2.0393,um^3,Surface,1,12,
0.981249,um^3,Surface,1,13,
0.653109,um^3,Surface,1,14,
1.90899,um^3,Surface,1,15,
0.8765,um^3,Surface,1,16,
1.77124,um^3,Surface,1,17,
2.01987,um^3,Surface,1,18,
1.11127,um^3,Surface,1,19,
1.5977,um^3,Surface,1,20,
1.1932,um^3,Surface,1,21,
1.46812,um^3,Surface,1,22,
1.55659,um^3,Surface,1,23,
1.92961,um^3,Surface,1,24,
0.922988,um^3,Surface,1,25,
1.35535,um^3,Surface,1,26,
1.18994,um^3,Surface,1,27,
0.996036,um^3,Surface,1,28,
2.02948,um^3,Surface,1,29,
1.12363,um^3,Surface,1,30,
0.132553,um^3,Surface,1,31,
1.39978,um^3,Surface,1,32,
