
Position
 ==================== 
Position X,Position Y,Position Z,Unit,Category,Collection,Time,ID,
6.3656,32.5387,-81.8119,um,Surface,Position,1,0,
10.2859,32.72,-81.8075,um,Surface,Position,1,1,
-0.0969702,32.9042,-81.7608,um,Surface,Position,1,2,
6.52067,34.1496,-81.746,um,Surface,Position,1,3,
7.54594,40.3255,-81.7149,um,Surface,Position,1,4,
8.0275,44.3721,-81.7124,um,Surface,Position,1,5,
-7.50252,44.4313,-81.6913,um,Surface,Position,1,6,
11.1279,32.5742,-81.7814,um,Surface,Position,1,7,
16.374,32.8618,-81.7938,um,Surface,Position,1,8,
12.2251,39.1126,-81.7826,um,Surface,Position,1,9,
20.7884,39.0274,-81.6972,um,Surface,Position,1,10,
22.3134,41.0177,-81.6698,um,Surface,Position,1,11,
12.5006,42.3825,-81.641,um,Surface,Position,1,12,
11.2169,46.0514,-81.703,um,Surface,Position,1,13,
13.2092,40.7304,-81.3043,um,Surface,Position,1,14,
-4.32717,48.2158,-81.7057,um,Surface,Position,1,15,
-5.38388,49.0884,-81.6889,um,Surface,Position,1,16,
10.2403,53.8469,-81.6665,um,Surface,Position,1,17,
7.808,60.4804,-81.6548,um,Surface,Position,1,18,
10.976,56.5519,-81.4592,um,Surface,Position,1,19,
16.8878,49.1147,-81.6601,um,Surface,Position,1,20,
11.0192,52.9874,-81.6447,um,Surface,Position,1,21,
21.8479,59.8095,-81.6252,um,Surface,Position,1,22,
20.9364,61.8513,-81.5933,um,Surface,Position,1,23,
18.4093,50.8663,-81.2298,um,Surface,Position,1,24,
23.2309,58.7607,-81.5841,um,Surface,Position,1,25,
26.1528,59.3881,-81.5537,um,Surface,Position,1,26,
25.2532,60.4572,-81.573,um,Surface,Position,1,27,
11.5997,60.7518,-81.56,um,Surface,Position,1,28,
17.646,56.1016,-77.2137,um,Surface,Position,1,29,
15.4448,58.0179,-76.236,um,Surface,Position,1,30,
14.7228,27.0928,-75.9742,um,Surface,Position,1,31,
14.702,57.5996,-75.8937,um,Surface,Position,1,32,
