
Ellipsoid Axis Length A
 ==================== 
Value,Unit,Category,Time,ID,
0.483749,um,Surface,1,0,
0.47764,um,Surface,1,1,
0.397194,um,Surface,1,2,
0.448161,um,Surface,1,3,
0.388625,um,Surface,1,4,
0.444299,um,Surface,1,5,
0.44458,um,Surface,1,6,
0.444747,um,Surface,1,7,
0.382207,um,Surface,1,8,
0.448789,um,Surface,1,9,
0.537391,um,Surface,1,10,
0.51146,um,Surface,1,11,
0.514296,um,Surface,1,12,
0.444357,um,Surface,1,13,
0.400205,um,Surface,1,14,
0.478966,um,Surface,1,15,
0.408619,um,Surface,1,16,
0.468009,um,Surface,1,17,
0.484799,um,Surface,1,18,
0.445455,um,Surface,1,19,
0.535722,um,Surface,1,20,
0.451061,um,Surface,1,21,
0.478161,um,Surface,1,22,
0.512055,um,Surface,1,23,
0.565478,um,Surface,1,24,
0.452248,um,Surface,1,25,
0.49649,um,Surface,1,26,
0.462276,um,Surface,1,27,
0.452642,um,Surface,1,28,
0.576304,um,Surface,1,29,
0.483682,um,Surface,1,30,
0.105283,um,Surface,1,31,
0.558047,um,Surface,1,32,
