
Ellipsoid Axis Length C
 ==================== 
Value,Unit,Category,Time,ID,
1.01808,um,Surface,1,0,
0.905137,um,Surface,1,1,
0.91059,um,Surface,1,2,
0.720472,um,Surface,1,3,
0.888641,um,Surface,1,4,
1.01182,um,Surface,1,5,
0.881818,um,Surface,1,6,
0.93343,um,Surface,1,7,
0.852842,um,Surface,1,8,
1.0043,um,Surface,1,9,
1.13692,um,Surface,1,10,
1.10917,um,Surface,1,11,
1.12666,um,Surface,1,12,
0.852736,um,Surface,1,13,
0.911839,um,Surface,1,14,
1.04693,um,Surface,1,15,
0.763883,um,Surface,1,16,
1.06252,um,Surface,1,17,
1.12539,um,Surface,1,18,
0.879305,um,Surface,1,19,
1.10838,um,Surface,1,20,
0.998436,um,Surface,1,21,
1.03799,um,Surface,1,22,
1.0645,um,Surface,1,23,
1.20807,um,Surface,1,24,
0.805084,um,Surface,1,25,
1.0275,um,Surface,1,26,
0.992878,um,Surface,1,27,
0.817861,um,Surface,1,28,
1.37992,um,Surface,1,29,
1.04442,um,Surface,1,30,
0.747257,um,Surface,1,31,
0.882393,um,Surface,1,32,
