
Ellipsoid Axis Length B
 ==================== 
Value,Unit,Category,Time,ID,
0.691957,um,Surface,1,0,
0.547218,um,Surface,1,1,
0.612149,um,Surface,1,2,
0.649622,um,Surface,1,3,
0.636457,um,Surface,1,4,
0.627658,um,Surface,1,5,
0.766818,um,Surface,1,6,
0.47546,um,Surface,1,7,
0.511387,um,Surface,1,8,
0.866585,um,Surface,1,9,
0.670335,um,Surface,1,10,
0.931049,um,Surface,1,11,
0.836724,um,Surface,1,12,
0.598427,um,Surface,1,13,
0.455443,um,Surface,1,14,
0.930355,um,Surface,1,15,
0.705743,um,Surface,1,16,
0.923424,um,Surface,1,17,
0.939747,um,Surface,1,18,
0.688154,um,Surface,1,19,
0.635743,um,Surface,1,20,
0.679152,um,Surface,1,21,
0.72554,um,Surface,1,22,
0.68407,um,Surface,1,23,
0.661038,um,Surface,1,24,
0.594444,um,Surface,1,25,
0.650858,um,Surface,1,26,
0.633622,um,Surface,1,27,
0.686956,um,Surface,1,28,
0.596474,um,Surface,1,29,
0.542928,um,Surface,1,30,
0.465754,um,Surface,1,31,
0.633731,um,Surface,1,32,
