
Ellipsoid Axis C
 ==================== 
Ellipsoid Axis C X,Ellipsoid Axis C Y,Ellipsoid Axis C Z,Unit,Category,Collection,Time,ID,
0.0623137,-0.0680301,0.995735,um,Surface,Ellipsoid Axis C,1,0,
0.0248006,0.0285387,0.999285,um,Surface,Ellipsoid Axis C,1,1,
-0.754555,0.652977,0.0653351,um,Surface,Ellipsoid Axis C,1,2,
0.0791544,-0.766514,0.637331,um,Surface,Ellipsoid Axis C,1,3,
0.486105,-0.862898,0.138237,um,Surface,Ellipsoid Axis C,1,4,
0.149517,-0.026217,0.988412,um,Surface,Ellipsoid Axis C,1,5,
0.00521357,-0.153782,0.988091,um,Surface,Ellipsoid Axis C,1,6,
0.104887,-0.00132089,0.994483,um,Surface,Ellipsoid Axis C,1,7,
0.987512,0.0190786,0.156385,um,Surface,Ellipsoid Axis C,1,8,
0.812534,-0.565201,0.142604,um,Surface,Ellipsoid Axis C,1,9,
0.0870155,0.0538283,0.994752,um,Surface,Ellipsoid Axis C,1,10,
-0.152391,-0.0931471,0.983921,um,Surface,Ellipsoid Axis C,1,11,
-0.138547,0.370255,0.91854,um,Surface,Ellipsoid Axis C,1,12,
0.126075,-0.99202,-0.00100327,um,Surface,Ellipsoid Axis C,1,13,
0.160919,-0.246133,0.955784,um,Surface,Ellipsoid Axis C,1,14,
-0.0616013,-0.0274837,-0.997722,um,Surface,Ellipsoid Axis C,1,15,
0.336111,-0.575123,0.745831,um,Surface,Ellipsoid Axis C,1,16,
-0.240811,0.141584,0.96019,um,Surface,Ellipsoid Axis C,1,17,
0.283338,-0.114948,0.952106,um,Surface,Ellipsoid Axis C,1,18,
0.0852926,0.0681906,0.99402,um,Surface,Ellipsoid Axis C,1,19,
0.0609828,0.0124604,0.998061,um,Surface,Ellipsoid Axis C,1,20,
-0.0204332,-0.0669825,0.997545,um,Surface,Ellipsoid Axis C,1,21,
0.0626638,-0.0585492,0.996316,um,Surface,Ellipsoid Axis C,1,22,
0.0282741,0.0077519,0.99957,um,Surface,Ellipsoid Axis C,1,23,
0.0158648,-0.155544,0.987702,um,Surface,Ellipsoid Axis C,1,24,
0.0209481,-0.0957303,0.995187,um,Surface,Ellipsoid Axis C,1,25,
0.0681352,0.00159355,0.997675,um,Surface,Ellipsoid Axis C,1,26,
0.0695093,0.0129166,0.997498,um,Surface,Ellipsoid Axis C,1,27,
0.0213725,-0.00479178,0.99976,um,Surface,Ellipsoid Axis C,1,28,
-0.110977,-0.143188,0.983454,um,Surface,Ellipsoid Axis C,1,29,
-0.0570324,-0.00215003,0.99837,um,Surface,Ellipsoid Axis C,1,30,
-0.239361,-0.0110971,0.970867,um,Surface,Ellipsoid Axis C,1,31,
0.0145937,-0.000246015,0.999893,um,Surface,Ellipsoid Axis C,1,32,
