
Ellipsoid Axis C
 ==================== 
Ellipsoid Axis C X,Ellipsoid Axis C Y,Ellipsoid Axis C Z,Unit,Category,Collection,Time,ID,
0.0358775,0.0516465,0.998021,um,Surface,Ellipsoid Axis C,1,0,
0.0209668,0.0126831,0.9997,um,Surface,Ellipsoid Axis C,1,1,
0.620963,-0.739847,0.258904,um,Surface,Ellipsoid Axis C,1,2,
0.103395,0.0613285,0.992748,um,Surface,Ellipsoid Axis C,1,3,
0.0605535,0.010229,0.998113,um,Surface,Ellipsoid Axis C,1,4,
0.383333,0.0513566,0.922181,um,Surface,Ellipsoid Axis C,1,5,
-0.0249093,0.0760065,0.996796,um,Surface,Ellipsoid Axis C,1,6,
0,2.8419e-014,1,um,Surface,Ellipsoid Axis C,1,7,
-0.0463438,0.64542,0.76242,um,Surface,Ellipsoid Axis C,1,8,
-0.0208407,0.0908023,0.995651,um,Surface,Ellipsoid Axis C,1,9,
-0.127408,0.304209,0.944047,um,Surface,Ellipsoid Axis C,1,10,
-0.292248,0.207195,0.933628,um,Surface,Ellipsoid Axis C,1,11,
