
Position
 ==================== 
Position X,Position Y,Position Z,Unit,Category,Collection,Time,ID,
22.4717,32.5629,-86.2263,um,Surface,Position,1,0,
50.8561,42.9151,-86.2276,um,Surface,Position,1,1,
45.7294,50.5995,-86.1594,um,Surface,Position,1,2,
25.7214,53.0766,-86.105,um,Surface,Position,1,3,
23.665,57.7713,-86.0841,um,Surface,Position,1,4,
22.1558,61.0051,-85.9929,um,Surface,Position,1,5,
21.0092,46.094,-83.1721,um,Surface,Position,1,6,
20.0168,45.5784,-81.5948,um,Surface,Position,1,7,
38.1046,50.4393,-82.9971,um,Surface,Position,1,8,
50.4857,59.137,-82.6496,um,Surface,Position,1,9,
19.9159,45.8367,-81.344,um,Surface,Position,1,10,
53.6509,66.5958,-81.3477,um,Surface,Position,1,11,
