
Position
 ==================== 
Position X,Position Y,Position Z,Unit,Category,Collection,Time,ID,
18.612,60.0487,-77.8214,um,Surface,Position,1,0,
8.82828,60.6459,-77.5696,um,Surface,Position,1,1,
9.01973,61.4307,-77.5187,um,Surface,Position,1,2,
-4.97164,82.3576,-77.9668,um,Surface,Position,1,3,
-3.24971,57.1176,-77.0679,um,Surface,Position,1,4,
-2.68614,83.4963,-76.2514,um,Surface,Position,1,5,
-3.08929,83.3132,-76,um,Surface,Position,1,6,
-3.32148,84.0151,-75.9129,um,Surface,Position,1,7,
-2.51259,84.2672,-76.0938,um,Surface,Position,1,8,
