
Ellipsoid Axis C
 ==================== 
Ellipsoid Axis C X,Ellipsoid Axis C Y,Ellipsoid Axis C Z,Unit,Category,Collection,Time,ID,
-0.442229,-0.135735,0.886572,um,Surface,Ellipsoid Axis C,1,0,
0.0856465,0.0924828,0.992024,um,Surface,Ellipsoid Axis C,1,1,
0.0317086,0.00789167,0.999466,um,Surface,Ellipsoid Axis C,1,2,
0.623379,0.235143,0.745726,um,Surface,Ellipsoid Axis C,1,3,
-0.0778607,-0.0653649,0.994819,um,Surface,Ellipsoid Axis C,1,4,
-0.534098,-0.253214,0.806611,um,Surface,Ellipsoid Axis C,1,5,
2.28397e-014,-1.75932e-016,1,um,Surface,Ellipsoid Axis C,1,6,
0.982336,0.186756,-0.0117819,um,Surface,Ellipsoid Axis C,1,7,
-0.364188,-0.233733,0.901519,um,Surface,Ellipsoid Axis C,1,8,
