
Position
 ==================== 
Position X,Position Y,Position Z,Unit,Category,Collection,Time,ID,
12.8511,-12.4883,-81.1139,um,Surface,Position,1,0,
11.4864,-7.26873,-80.9965,um,Surface,Position,1,1,
10.0888,-6.32857,-81.0414,um,Surface,Position,1,2,
14.3918,-5.70732,-80.8228,um,Surface,Position,1,3,
10.9833,-5.75436,-81.0322,um,Surface,Position,1,4,
38.2711,-9.82857,-80.9258,um,Surface,Position,1,5,
14.1864,2.52326,-81.1075,um,Surface,Position,1,6,
15.3455,4.10496,-81.0485,um,Surface,Position,1,7,
12.775,4.42409,-81.0844,um,Surface,Position,1,8,
11.3876,5.86177,-80.8044,um,Surface,Position,1,9,
10.6838,6.539,-80.5523,um,Surface,Position,1,10,
24.0073,8.85237,-81.1052,um,Surface,Position,1,11,
32.3965,5.4131,-80.5018,um,Surface,Position,1,12,
