
Ellipsoid Axis C
 ==================== 
Ellipsoid Axis C X,Ellipsoid Axis C Y,Ellipsoid Axis C Z,Unit,Category,Collection,Time,ID,
0.0864953,0.0193269,0.996065,um,Surface,Ellipsoid Axis C,1,0,
-0.0106102,0.0410154,0.999102,um,Surface,Ellipsoid Axis C,1,1,
0.0115679,-0.0622352,0.997994,um,Surface,Ellipsoid Axis C,1,2,
0.0143742,0.179763,0.983605,um,Surface,Ellipsoid Axis C,1,3,
0.0845494,0.0377059,0.995706,um,Surface,Ellipsoid Axis C,1,4,
0.167256,0.163098,0.972329,um,Surface,Ellipsoid Axis C,1,5,
0.325396,-0.146981,0.934085,um,Surface,Ellipsoid Axis C,1,6,
0.0371818,-0.0407737,0.998476,um,Surface,Ellipsoid Axis C,1,7,
0.453839,-0.890936,0.0162089,um,Surface,Ellipsoid Axis C,1,8,
0.0743732,-0.04623,0.996158,um,Surface,Ellipsoid Axis C,1,9,
0.00493805,0.0603407,0.998166,um,Surface,Ellipsoid Axis C,1,10,
-0.149276,-0.900164,0.409171,um,Surface,Ellipsoid Axis C,1,11,
0.0458595,0.111911,0.992659,um,Surface,Ellipsoid Axis C,1,12,
