
Position
 ==================== 
Position X,Position Y,Position Z,Unit,Category,Collection,Time,ID,
11.8607,9.81328,-80.4107,um,Surface,Position,1,0,
12.6824,10.4375,-80.4284,um,Surface,Position,1,1,
12.6355,11.7804,-80.3302,um,Surface,Position,1,2,
14.8189,12.6377,-80.3004,um,Surface,Position,1,3,
16.3766,15.5044,-80.4375,um,Surface,Position,1,4,
37.3094,16.33,-80.4622,um,Surface,Position,1,5,
38.3633,16.1727,-80.4503,um,Surface,Position,1,6,
13.9688,20.1606,-80.3966,um,Surface,Position,1,7,
19.1055,18.2029,-80.3594,um,Surface,Position,1,8,
13.1427,19.5292,-80.3581,um,Surface,Position,1,9,
13.7809,21.5684,-80.4129,um,Surface,Position,1,10,
13.8058,22.4282,-80.2883,um,Surface,Position,1,11,
14.4475,24.3816,-80.4241,um,Surface,Position,1,12,
