
Ellipsoid Axis C
 ==================== 
Ellipsoid Axis C X,Ellipsoid Axis C Y,Ellipsoid Axis C Z,Unit,Category,Collection,Time,ID,
0.0209532,-0.00921652,0.999738,um,Surface,Ellipsoid Axis C,1,0,
-0.00525954,-0.0292176,0.999559,um,Surface,Ellipsoid Axis C,1,1,
-0.0977269,0.327194,0.93989,um,Surface,Ellipsoid Axis C,1,2,
0.0141213,-0.237113,0.971379,um,Surface,Ellipsoid Axis C,1,3,
0.0303109,0.0982675,0.994698,um,Surface,Ellipsoid Axis C,1,4,
0.0146039,0.00159478,0.999892,um,Surface,Ellipsoid Axis C,1,5,
0.0368185,-0.0176963,0.999165,um,Surface,Ellipsoid Axis C,1,6,
-0.0154846,-0.0236575,0.9996,um,Surface,Ellipsoid Axis C,1,7,
0.0631548,-0.0588673,0.996266,um,Surface,Ellipsoid Axis C,1,8,
0.0306523,0.00946745,0.999485,um,Surface,Ellipsoid Axis C,1,9,
0.00341289,-0.0244284,0.999696,um,Surface,Ellipsoid Axis C,1,10,
0.0169135,0.0500153,0.998605,um,Surface,Ellipsoid Axis C,1,11,
-0.0999859,-0.0598699,0.993186,um,Surface,Ellipsoid Axis C,1,12,
