
Volume
 ==================== 
Value,Unit,Category,Time,ID,
1.59933,um^3,Surface,1,0,
0.0116335,um^3,Surface,1,1,
1.96376,um^3,Surface,1,2,
1.54389,um^3,Surface,1,3,
2.3834,um^3,Surface,1,4,
1.12815,um^3,Surface,1,5,
1.27544,um^3,Surface,1,6,
1.39842,um^3,Surface,1,7,
1.70542,um^3,Surface,1,8,
1.74116,um^3,Surface,1,9,
2.11633,um^3,Surface,1,10,
2.24453,um^3,Surface,1,11,
1.53786,um^3,Surface,1,12,
1.74893,um^3,Surface,1,13,
1.73887,um^3,Surface,1,14,
1.06075,um^3,Surface,1,15,
2.28311,um^3,Surface,1,16,
1.985,um^3,Surface,1,17,
2.60422,um^3,Surface,1,18,
1.41997,um^3,Surface,1,19,
1.60584,um^3,Surface,1,20,
1.71994,um^3,Surface,1,21,
1.86931,um^3,Surface,1,22,
1.25733,um^3,Surface,1,23,
2.59031,um^3,Surface,1,24,
1.98469,um^3,Surface,1,25,
2.75819,um^3,Surface,1,26,
1.70288,um^3,Surface,1,27,
2.72592,um^3,Surface,1,28,
