
Ellipsoid Axis Length A
 ==================== 
Value,Unit,Category,Time,ID,
0.540918,um,Surface,1,0,
0.0189394,um,Surface,1,1,
0.55236,um,Surface,1,2,
0.507787,um,Surface,1,3,
0.559405,um,Surface,1,4,
0.431973,um,Surface,1,5,
0.455777,um,Surface,1,6,
0.435634,um,Surface,1,7,
0.543991,um,Surface,1,8,
0.544398,um,Surface,1,9,
0.556288,um,Surface,1,10,
0.530475,um,Surface,1,11,
0.523777,um,Surface,1,12,
0.531915,um,Surface,1,13,
0.514692,um,Surface,1,14,
0.418065,um,Surface,1,15,
0.574505,um,Surface,1,16,
0.544065,um,Surface,1,17,
0.55156,um,Surface,1,18,
0.520111,um,Surface,1,19,
0.513681,um,Surface,1,20,
0.481238,um,Surface,1,21,
0.53143,um,Surface,1,22,
0.516661,um,Surface,1,23,
0.539495,um,Surface,1,24,
0.545457,um,Surface,1,25,
0.554966,um,Surface,1,26,
0.54251,um,Surface,1,27,
0.582721,um,Surface,1,28,
