
Position
 ==================== 
Position X,Position Y,Position Z,Unit,Category,Collection,Time,ID,
15.7976,25.9731,-81.0627,um,Surface,Position,1,0,
21.3987,32.7857,-81.5784,um,Surface,Position,1,1,
26.5462,28.1241,-80.9596,um,Surface,Position,1,2,
24.1472,30.3349,-81.0886,um,Surface,Position,1,3,
23.9624,35.6693,-80.92,um,Surface,Position,1,4,
4.23104,48.1287,-80.8908,um,Surface,Position,1,5,
23.8251,46.4252,-80.9954,um,Surface,Position,1,6,
40.664,46.83,-81.0936,um,Surface,Position,1,7,
14.8246,25.5665,-81.0544,um,Surface,Position,1,8,
20.7119,32.035,-81.0947,um,Surface,Position,1,9,
21.391,32.782,-80.8171,um,Surface,Position,1,10,
20.0432,32.9268,-80.6669,um,Surface,Position,1,11,
30.0642,27.0785,-80.8925,um,Surface,Position,1,12,
29.5229,27.8269,-80.8023,um,Surface,Position,1,13,
24.5004,29.4211,-81.0434,um,Surface,Position,1,14,
28.2998,30.668,-80.9575,um,Surface,Position,1,15,
26.0512,31.6596,-81.0186,um,Surface,Position,1,16,
29.9657,32.8731,-80.8072,um,Surface,Position,1,17,
32.2829,33.5904,-81.0426,um,Surface,Position,1,18,
27.2461,35.0522,-81.0316,um,Surface,Position,1,19,
27.0906,36.0907,-80.9937,um,Surface,Position,1,20,
21.6547,38.521,-81.0144,um,Surface,Position,1,21,
20.4138,38.8241,-80.9769,um,Surface,Position,1,22,
22.7384,45.8631,-80.6851,um,Surface,Position,1,23,
7.47327,46.2778,-80.942,um,Surface,Position,1,24,
26.8418,37.4715,-80.9428,um,Surface,Position,1,25,
30.0082,40.6194,-81.0366,um,Surface,Position,1,26,
40.2123,47.7613,-80.8567,um,Surface,Position,1,27,
36.116,55.2896,-80.9253,um,Surface,Position,1,28,
