
Ellipsoid Axis C
 ==================== 
Ellipsoid Axis C X,Ellipsoid Axis C Y,Ellipsoid Axis C Z,Unit,Category,Collection,Time,ID,
0.0361118,0.00052903,0.999348,um,Surface,Ellipsoid Axis C,1,0,
0,0,1,um,Surface,Ellipsoid Axis C,1,1,
0.115335,0.0570941,0.991684,um,Surface,Ellipsoid Axis C,1,2,
0.0443323,-0.0748119,0.996212,um,Surface,Ellipsoid Axis C,1,3,
0.147431,0.165442,0.975137,um,Surface,Ellipsoid Axis C,1,4,
-0.0313834,-0.0378926,0.998789,um,Surface,Ellipsoid Axis C,1,5,
0.0751305,0.019685,0.996979,um,Surface,Ellipsoid Axis C,1,6,
-0.0431926,0.0899178,0.995012,um,Surface,Ellipsoid Axis C,1,7,
-0.0382551,-0.0170546,0.999122,um,Surface,Ellipsoid Axis C,1,8,
0.0658677,-0.0551316,0.996304,um,Surface,Ellipsoid Axis C,1,9,
-0.0604372,0.0404765,0.997351,um,Surface,Ellipsoid Axis C,1,10,
-0.0950399,0.0507275,0.99418,um,Surface,Ellipsoid Axis C,1,11,
0.0411251,-0.0112919,0.99909,um,Surface,Ellipsoid Axis C,1,12,
-0.0271383,0.0484654,0.998456,um,Surface,Ellipsoid Axis C,1,13,
0.0206483,0.0363889,0.999124,um,Surface,Ellipsoid Axis C,1,14,
-0.0523809,-0.238042,0.969841,um,Surface,Ellipsoid Axis C,1,15,
0.0751454,0.0904547,0.993061,um,Surface,Ellipsoid Axis C,1,16,
-0.127726,-0.0495909,0.990569,um,Surface,Ellipsoid Axis C,1,17,
0.0149857,0.00975594,0.99984,um,Surface,Ellipsoid Axis C,1,18,
0.0315419,-0.0239498,0.999215,um,Surface,Ellipsoid Axis C,1,19,
0.0153957,0.0809185,0.996602,um,Surface,Ellipsoid Axis C,1,20,
0.00792373,0.0157329,0.999845,um,Surface,Ellipsoid Axis C,1,21,
-0.00937729,0.0213357,0.999728,um,Surface,Ellipsoid Axis C,1,22,
-0.0278983,-0.0366184,0.99894,um,Surface,Ellipsoid Axis C,1,23,
0.0181017,0.0771203,0.996857,um,Surface,Ellipsoid Axis C,1,24,
0.0637573,0.0275619,0.997585,um,Surface,Ellipsoid Axis C,1,25,
-0.0484843,-0.0829974,0.99537,um,Surface,Ellipsoid Axis C,1,26,
-0.000572978,0.121858,0.992547,um,Surface,Ellipsoid Axis C,1,27,
0.049468,0.013025,0.998691,um,Surface,Ellipsoid Axis C,1,28,
