
Ellipsoid Axis Length B
 ==================== 
Value,Unit,Category,Time,ID,
0.612962,um,Surface,1,0,
0.218693,um,Surface,1,1,
0.665874,um,Surface,1,2,
0.66353,um,Surface,1,3,
0.773061,um,Surface,1,4,
0.552625,um,Surface,1,5,
0.642208,um,Surface,1,6,
0.727136,um,Surface,1,7,
0.650437,um,Surface,1,8,
0.663949,um,Surface,1,9,
0.660222,um,Surface,1,10,
0.710176,um,Surface,1,11,
0.633673,um,Surface,1,12,
0.635928,um,Surface,1,13,
0.68569,um,Surface,1,14,
0.594791,um,Surface,1,15,
0.746231,um,Surface,1,16,
0.621338,um,Surface,1,17,
0.947864,um,Surface,1,18,
0.563729,um,Surface,1,19,
0.64482,um,Surface,1,20,
0.756615,um,Surface,1,21,
0.715079,um,Surface,1,22,
0.55181,um,Surface,1,23,
0.975896,um,Surface,1,24,
0.740324,um,Surface,1,25,
0.960509,um,Surface,1,26,
0.66526,um,Surface,1,27,
0.899223,um,Surface,1,28,
