
Ellipsoid Axis Length C
 ==================== 
Value,Unit,Category,Time,ID,
1.14918,um,Surface,1,0,
0.559244,um,Surface,1,1,
1.25545,um,Surface,1,2,
1.14633,um,Surface,1,3,
1.30759,um,Surface,1,4,
1.21695,um,Surface,1,5,
1.06916,um,Surface,1,6,
1.11413,um,Surface,1,7,
1.14982,um,Surface,1,8,
1.15802,um,Surface,1,9,
1.41221,um,Surface,1,10,
1.50875,um,Surface,1,11,
1.1476,um,Surface,1,12,
1.30241,um,Surface,1,13,
1.16767,um,Surface,1,14,
1.06262,um,Surface,1,15,
1.22542,um,Surface,1,16,
1.40636,um,Surface,1,17,
1.16322,um,Surface,1,18,
1.15119,um,Surface,1,19,
1.15524,um,Surface,1,20,
1.13156,um,Surface,1,21,
1.15922,um,Surface,1,22,
1.04801,um,Surface,1,23,
1.15236,um,Surface,1,24,
1.15071,um,Surface,1,25,
1.18837,um,Surface,1,26,
1.13431,um,Surface,1,27,
1.22932,um,Surface,1,28,
