
Ellipsoid Axis C
 ==================== 
Ellipsoid Axis C X,Ellipsoid Axis C Y,Ellipsoid Axis C Z,Unit,Category,Collection,Time,ID,
-0.221385,-0.106423,0.969362,um,Surface,Ellipsoid Axis C,1,0,
0.154041,0.100087,0.982982,um,Surface,Ellipsoid Axis C,1,1,
0.0445678,0.00421927,0.998997,um,Surface,Ellipsoid Axis C,1,2,
0.0342148,0.00526844,0.999401,um,Surface,Ellipsoid Axis C,1,3,
0.0297955,0.0622086,0.997618,um,Surface,Ellipsoid Axis C,1,4,
0.00781261,0.0606551,0.998128,um,Surface,Ellipsoid Axis C,1,5,
-0.00725906,0.0190284,0.999793,um,Surface,Ellipsoid Axis C,1,6,
0.0194239,0.010021,0.999761,um,Surface,Ellipsoid Axis C,1,7,
0.00826144,-0.0365069,0.999299,um,Surface,Ellipsoid Axis C,1,8,
0.0339596,-0.0373673,0.998724,um,Surface,Ellipsoid Axis C,1,9,
-0.0396789,-0.0640227,0.997159,um,Surface,Ellipsoid Axis C,1,10,
0.0065014,0.0168386,0.999837,um,Surface,Ellipsoid Axis C,1,11,
