
Position
 ==================== 
Position X,Position Y,Position Z,Unit,Category,Collection,Time,ID,
-19.0929,-16.1578,-81.0216,um,Surface,Position,1,0,
-18.6446,-14.6619,-80.7843,um,Surface,Position,1,1,
-5.24907,-17.9143,-81.1135,um,Surface,Position,1,2,
10.4396,-11.453,-81.0324,um,Surface,Position,1,3,
4.53109,-24.7403,-81.0782,um,Surface,Position,1,4,
-17.606,-7.88415,-81.0947,um,Surface,Position,1,5,
-17.9517,-7.10926,-80.9282,um,Surface,Position,1,6,
9.18661,4.94495,-81.0623,um,Surface,Position,1,7,
9.59441,5.67914,-81.0803,um,Surface,Position,1,8,
10.7318,-9.90566,-81.0054,um,Surface,Position,1,9,
-0.137662,-6.17855,-80.7065,um,Surface,Position,1,10,
0.196954,-5.46248,-81.0431,um,Surface,Position,1,11,
