
Ellipsoid Axis Length A
 ==================== 
Value,Unit,Category,Time,ID,
0.543557,um,Surface,1,0,
0.549597,um,Surface,1,1,
0.526542,um,Surface,1,2,
0.530417,um,Surface,1,3,
0.177372,um,Surface,1,4,
0.536121,um,Surface,1,5,
0.567463,um,Surface,1,6,
0.533132,um,Surface,1,7,
0.521658,um,Surface,1,8,
0.564356,um,Surface,1,9,
0.506047,um,Surface,1,10,
0.518941,um,Surface,1,11,
0.581915,um,Surface,1,12,
0.517211,um,Surface,1,13,
0.586934,um,Surface,1,14,
0.540257,um,Surface,1,15,
0.51576,um,Surface,1,16,
