
Volume
 ==================== 
Value,Unit,Category,Time,ID,
1.5346,um^3,Surface,1,0,
1.60156,um^3,Surface,1,1,
2.05054,um^3,Surface,1,2,
1.89121,um^3,Surface,1,3,
0.0697794,um^3,Surface,1,4,
1.802,um^3,Surface,1,5,
2.68956,um^3,Surface,1,6,
1.23068,um^3,Surface,1,7,
1.52697,um^3,Surface,1,8,
1.73566,um^3,Surface,1,9,
1.46061,um^3,Surface,1,10,
1.67313,um^3,Surface,1,11,
1.29015,um^3,Surface,1,12,
1.47314,um^3,Surface,1,13,
2.73191,um^3,Surface,1,14,
1.77088,um^3,Surface,1,15,
1.98181,um^3,Surface,1,16,
