
Ellipsoid Axis Length B
 ==================== 
Value,Unit,Category,Time,ID,
0.602414,um,Surface,1,0,
0.602841,um,Surface,1,1,
0.726164,um,Surface,1,2,
0.712262,um,Surface,1,3,
0.184186,um,Surface,1,4,
0.632645,um,Surface,1,5,
0.931493,um,Surface,1,6,
0.675594,um,Surface,1,7,
0.525591,um,Surface,1,8,
0.639346,um,Surface,1,9,
0.601678,um,Surface,1,10,
0.648147,um,Surface,1,11,
0.614819,um,Surface,1,12,
0.726461,um,Surface,1,13,
0.873931,um,Surface,1,14,
0.752197,um,Surface,1,15,
0.834509,um,Surface,1,16,
