
Position
 ==================== 
Position X,Position Y,Position Z,Unit,Category,Collection,Time,ID,
26.4625,48.976,-86.2557,um,Surface,Position,1,0,
27.4342,49.0917,-86.1894,um,Surface,Position,1,1,
44.401,46.6561,-86.2247,um,Surface,Position,1,2,
43.8818,43.9373,-86.3202,um,Surface,Position,1,3,
25.6426,57.0118,-86.7345,um,Surface,Position,1,4,
41.3303,45.5559,-83.4857,um,Surface,Position,1,5,
25.6587,56.9898,-85.9422,um,Surface,Position,1,6,
28.7601,35.4113,-82.2027,um,Surface,Position,1,7,
37.6546,39.9986,-83.2085,um,Surface,Position,1,8,
37.2525,42.2215,-81.8669,um,Surface,Position,1,9,
41.5928,46.2174,-82.5112,um,Surface,Position,1,10,
49.3648,59.5689,-82.2835,um,Surface,Position,1,11,
29.4059,35.2173,-81.8133,um,Surface,Position,1,12,
37.7824,41.15,-81.6244,um,Surface,Position,1,13,
37.2267,51.9653,-82.0592,um,Surface,Position,1,14,
50.2633,60.3903,-81.649,um,Surface,Position,1,15,
50.4643,48.5561,-79.4333,um,Surface,Position,1,16,
