
Ellipsoid Axis Length C
 ==================== 
Value,Unit,Category,Time,ID,
1.13749,um,Surface,1,0,
1.16054,um,Surface,1,1,
1.29318,um,Surface,1,2,
1.17001,um,Surface,1,3,
0.559244,um,Surface,1,4,
1.3316,um,Surface,1,5,
1.25859,um,Surface,1,6,
0.88531,um,Surface,1,7,
1.33911,um,Surface,1,8,
1.13316,um,Surface,1,9,
1.2447,um,Surface,1,10,
1.17292,um,Surface,1,11,
1.04971,um,Surface,1,12,
0.907119,um,Surface,1,13,
1.27643,um,Surface,1,14,
1.04682,um,Surface,1,15,
1.07534,um,Surface,1,16,
