
Ellipsoid Axis C
 ==================== 
Ellipsoid Axis C X,Ellipsoid Axis C Y,Ellipsoid Axis C Z,Unit,Category,Collection,Time,ID,
-0.000632539,-0.0679711,0.997687,um,Surface,Ellipsoid Axis C,1,0,
0.0706024,-0.00112073,0.997504,um,Surface,Ellipsoid Axis C,1,1,
0.172677,-0.0102114,0.984926,um,Surface,Ellipsoid Axis C,1,2,
0.0328137,0.0600096,0.997658,um,Surface,Ellipsoid Axis C,1,3,
-1.58554e-014,-6.37163e-014,1,um,Surface,Ellipsoid Axis C,1,4,
0.0250329,0.0219379,0.999446,um,Surface,Ellipsoid Axis C,1,5,
0.0119709,0.0213024,0.999701,um,Surface,Ellipsoid Axis C,1,6,
-0.221884,0.0793601,0.971838,um,Surface,Ellipsoid Axis C,1,7,
0.0431893,0.0474129,0.997941,um,Surface,Ellipsoid Axis C,1,8,
0.0571607,-0.204549,0.977186,um,Surface,Ellipsoid Axis C,1,9,
0.0296773,0.0832428,0.996087,um,Surface,Ellipsoid Axis C,1,10,
0.240218,0.206694,0.948458,um,Surface,Ellipsoid Axis C,1,11,
-0.220224,0.0812451,0.97206,um,Surface,Ellipsoid Axis C,1,12,
-0.108703,0.194294,0.974902,um,Surface,Ellipsoid Axis C,1,13,
0.245453,-0.375362,0.893788,um,Surface,Ellipsoid Axis C,1,14,
0.0139358,0.0143014,0.999801,um,Surface,Ellipsoid Axis C,1,15,
-0.405055,-0.0204898,0.914063,um,Surface,Ellipsoid Axis C,1,16,
