
Ellipsoid Axis C
 ==================== 
Ellipsoid Axis C X,Ellipsoid Axis C Y,Ellipsoid Axis C Z,Unit,Category,Collection,Time,ID,
-0.0421437,-0.117914,0.992129,um,Surface,Ellipsoid Axis C,1,0,
0.0451958,0.046852,0.997879,um,Surface,Ellipsoid Axis C,1,1,
-0.117006,0.00255717,0.993128,um,Surface,Ellipsoid Axis C,1,2,
0.21986,-0.0807891,0.97218,um,Surface,Ellipsoid Axis C,1,3,
-0.0140774,-0.0148815,0.99979,um,Surface,Ellipsoid Axis C,1,4,
-0.0520725,0.0318796,0.998134,um,Surface,Ellipsoid Axis C,1,5,
