
Position
 ==================== 
Position X,Position Y,Position Z,Unit,Category,Collection,Time,ID,
25.4857,56.1701,-83.0156,um,Surface,Position,1,0,
26.6605,53.1084,-81.6626,um,Surface,Position,1,1,
27.3377,53.7772,-81.7922,um,Surface,Position,1,2,
25.6709,56.8788,-81.8284,um,Surface,Position,1,3,
26.5429,55.7606,-81.5594,um,Surface,Position,1,4,
40.2505,63.8584,-81.521,um,Surface,Position,1,5,
40.7455,62.4377,-81.8259,um,Surface,Position,1,6,
32.3082,39.3663,-80.0338,um,Surface,Position,1,7,
39.1695,53.6075,-79.7096,um,Surface,Position,1,8,
39.272,54.7262,-79.9859,um,Surface,Position,1,9,
46.3446,65.6283,-79.2976,um,Surface,Position,1,10,
46.8434,66.3164,-79.3268,um,Surface,Position,1,11,
