
Ellipsoid Axis C
 ==================== 
Ellipsoid Axis C X,Ellipsoid Axis C Y,Ellipsoid Axis C Z,Unit,Category,Collection,Time,ID,
0.0823935,0.0115787,0.996533,um,Surface,Ellipsoid Axis C,1,0,
-0.25582,-0.201226,0.94555,um,Surface,Ellipsoid Axis C,1,1,
-0.0559735,-0.0480017,0.997278,um,Surface,Ellipsoid Axis C,1,2,
-0.0311711,-0.111267,0.993302,um,Surface,Ellipsoid Axis C,1,3,
0.387771,-0.920607,-0.0460073,um,Surface,Ellipsoid Axis C,1,4,
0.616266,-0.787466,0.0106195,um,Surface,Ellipsoid Axis C,1,5,
0.0422106,-0.645924,0.762234,um,Surface,Ellipsoid Axis C,1,6,
-0.138352,0.0142634,0.99028,um,Surface,Ellipsoid Axis C,1,7,
0.392298,0.461511,0.795682,um,Surface,Ellipsoid Axis C,1,8,
0.322941,0.729998,0.602339,um,Surface,Ellipsoid Axis C,1,9,
0.056001,0.0684106,0.996084,um,Surface,Ellipsoid Axis C,1,10,
-0.0558355,-0.0691216,0.996044,um,Surface,Ellipsoid Axis C,1,11,
