
Ellipsoid Axis C
 ==================== 
Ellipsoid Axis C X,Ellipsoid Axis C Y,Ellipsoid Axis C Z,Unit,Category,Collection,Time,ID,
0.119797,-0.0141126,0.992698,um,Surface,Ellipsoid Axis C,1,0,
0.088709,-0.0415719,0.99519,um,Surface,Ellipsoid Axis C,1,1,
-0.0045891,0.063888,0.997947,um,Surface,Ellipsoid Axis C,1,2,
0.119861,-0.118039,0.985749,um,Surface,Ellipsoid Axis C,1,3,
0.0256926,-0.381033,0.924204,um,Surface,Ellipsoid Axis C,1,4,
0.0484339,-0.0177825,0.998668,um,Surface,Ellipsoid Axis C,1,5,
0.0478296,-0.0247617,0.998549,um,Surface,Ellipsoid Axis C,1,6,
0.00350488,-0.0680474,0.997676,um,Surface,Ellipsoid Axis C,1,7,
0.0214364,0.0669361,0.997527,um,Surface,Ellipsoid Axis C,1,8,
0.114387,0.0609597,0.991564,um,Surface,Ellipsoid Axis C,1,9,
0.0296788,0.00266128,0.999556,um,Surface,Ellipsoid Axis C,1,10,
-0.483284,0.409184,0.773954,um,Surface,Ellipsoid Axis C,1,11,
-0.00946372,-0.0205212,0.999745,um,Surface,Ellipsoid Axis C,1,12,
0.0216391,-0.00285935,0.999762,um,Surface,Ellipsoid Axis C,1,13,
0.0568323,-0.0217862,0.998146,um,Surface,Ellipsoid Axis C,1,14,
0.0682241,0.0277594,0.997284,um,Surface,Ellipsoid Axis C,1,15,
-0.00796828,-0.0461831,0.998901,um,Surface,Ellipsoid Axis C,1,16,
