
Ellipsoid Axis Length A
 ==================== 
Value,Unit,Category,Time,ID,
0.449008,um,Surface,1,0,
0.5346,um,Surface,1,1,
0.503989,um,Surface,1,2,
0.560936,um,Surface,1,3,
0.41516,um,Surface,1,4,
0.510764,um,Surface,1,5,
0.50668,um,Surface,1,6,
0.542311,um,Surface,1,7,
0.491681,um,Surface,1,8,
0.601246,um,Surface,1,9,
0.615173,um,Surface,1,10,
0.46783,um,Surface,1,11,
0.552963,um,Surface,1,12,
0.482859,um,Surface,1,13,
0.569555,um,Surface,1,14,
0.60696,um,Surface,1,15,
0.489471,um,Surface,1,16,
