
Volume
 ==================== 
Value,Unit,Category,Time,ID,
1.18268,um^3,Surface,1,0,
1.55997,um^3,Surface,1,1,
1.36235,um^3,Surface,1,2,
2.24376,um^3,Surface,1,3,
1.04168,um^3,Surface,1,4,
1.7683,um^3,Surface,1,5,
1.51494,um^3,Surface,1,6,
1.44308,um^3,Surface,1,7,
1.43016,um^3,Surface,1,8,
2.63319,um^3,Surface,1,9,
3.45589,um^3,Surface,1,10,
1.79295,um^3,Surface,1,11,
3.30846,um^3,Surface,1,12,
1.61087,um^3,Surface,1,13,
1.80858,um^3,Surface,1,14,
2.33791,um^3,Surface,1,15,
1.40455,um^3,Surface,1,16,
