
Ellipsoid Axis Length B
 ==================== 
Value,Unit,Category,Time,ID,
0.709414,um,Surface,1,0,
0.650338,um,Surface,1,1,
0.561195,um,Surface,1,2,
0.674775,um,Surface,1,3,
0.708016,um,Surface,1,4,
0.653973,um,Surface,1,5,
0.589969,um,Surface,1,6,
0.591897,um,Surface,1,7,
0.620372,um,Surface,1,8,
0.757815,um,Surface,1,9,
0.933014,um,Surface,1,10,
0.803776,um,Surface,1,11,
1.06441,um,Surface,1,12,
0.687796,um,Surface,1,13,
0.587371,um,Surface,1,14,
0.668906,um,Surface,1,15,
0.639016,um,Surface,1,16,
