
Position
 ==================== 
Position X,Position Y,Position Z,Unit,Category,Collection,Time,ID,
-11.4581,-16.3533,-80.9804,um,Surface,Position,1,0,
-8.37783,-16.3162,-80.9084,um,Surface,Position,1,1,
-7.53403,-16.4245,-80.3777,um,Surface,Position,1,2,
-7.66734,-13.0882,-80.5875,um,Surface,Position,1,3,
9.75101,-27.0362,-80.984,um,Surface,Position,1,4,
4.44659,-21.8415,-81.0459,um,Surface,Position,1,5,
4.24727,-20.9174,-81.0631,um,Surface,Position,1,6,
-7.20446,-17.6968,-80.8429,um,Surface,Position,1,7,
-6.68069,-12.229,-80.9556,um,Surface,Position,1,8,
-6.61016,-15.6657,-80.4239,um,Surface,Position,1,9,
-22.0555,-10.2117,-80.9679,um,Surface,Position,1,10,
-21.6591,-8.23304,-80.7958,um,Surface,Position,1,11,
-14.6104,-6.13093,-81.0198,um,Surface,Position,1,12,
-5.5361,-5.53758,-80.9562,um,Surface,Position,1,13,
-0.845036,-5.52565,-80.8422,um,Surface,Position,1,14,
0.889872,-4.3059,-80.8324,um,Surface,Position,1,15,
7.17839,2.62127,-80.915,um,Surface,Position,1,16,
