
Ellipsoid Axis Length C
 ==================== 
Value,Unit,Category,Time,ID,
0.852812,um,Surface,1,0,
1.11031,um,Surface,1,1,
1.17671,um,Surface,1,2,
1.41263,um,Surface,1,3,
0.859985,um,Surface,1,4,
1.32445,um,Surface,1,5,
1.26763,um,Surface,1,6,
1.07681,um,Surface,1,7,
1.12078,um,Surface,1,8,
1.39865,um,Surface,1,9,
1.43279,um,Surface,1,10,
1.16098,um,Surface,1,11,
1.3685,um,Surface,1,12,
1.21268,um,Surface,1,13,
1.31478,um,Surface,1,14,
1.37477,um,Surface,1,15,
1.08946,um,Surface,1,16,
