
Position
 ==================== 
Position X,Position Y,Position Z,Unit,Category,Collection,Time,ID,
9.44798,38.6715,-81.8268,um,Surface,Position,1,0,
10.7639,40.0211,-81.8321,um,Surface,Position,1,1,
6.06519,40.2801,-81.8692,um,Surface,Position,1,2,
9.36903,40.6224,-81.8064,um,Surface,Position,1,3,
5.40929,41.049,-81.8707,um,Surface,Position,1,4,
7.5287,43.5457,-81.8998,um,Surface,Position,1,5,
10.0913,37.9024,-81.8597,um,Surface,Position,1,6,
8.6704,43.2572,-81.8625,um,Surface,Position,1,7,
23.1291,36.1139,-81.8492,um,Surface,Position,1,8,
11.3117,38.5414,-81.7907,um,Surface,Position,1,9,
12.0002,41.4095,-81.6769,um,Surface,Position,1,10,
-6.24927,48.0473,-81.8064,um,Surface,Position,1,11,
-5.0332,48.2297,-81.0807,um,Surface,Position,1,12,
24.4441,58.7845,-81.7597,um,Surface,Position,1,13,
-7.18847,29.5514,-77.1893,um,Surface,Position,1,14,
-7.69845,29.6486,-76.5186,um,Surface,Position,1,15,
23.0332,38.0326,-76.6686,um,Surface,Position,1,16,
23.5938,37.1226,-76.0337,um,Surface,Position,1,17,
