
Ellipsoid Axis Length A
 ==================== 
Value,Unit,Category,Time,ID,
0.467124,um,Surface,1,0,
0.476429,um,Surface,1,1,
0.503136,um,Surface,1,2,
0.510279,um,Surface,1,3,
0.515534,um,Surface,1,4,
0.503511,um,Surface,1,5,
0.519599,um,Surface,1,6,
0.553769,um,Surface,1,7,
0.524084,um,Surface,1,8,
0.500783,um,Surface,1,9,
0.486739,um,Surface,1,10,
0.564486,um,Surface,1,11,
0.512089,um,Surface,1,12,
0.469139,um,Surface,1,13,
0.515528,um,Surface,1,14,
0.495344,um,Surface,1,15,
0.502989,um,Surface,1,16,
0.549131,um,Surface,1,17,
