
Ellipsoid Axis C
 ==================== 
Ellipsoid Axis C X,Ellipsoid Axis C Y,Ellipsoid Axis C Z,Unit,Category,Collection,Time,ID,
0.131035,0.15502,0.979183,um,Surface,Ellipsoid Axis C,1,0,
0.057505,0.274532,0.959857,um,Surface,Ellipsoid Axis C,1,1,
0.0942758,-0.00306763,0.995541,um,Surface,Ellipsoid Axis C,1,2,
0.0309414,-0.0209129,0.999302,um,Surface,Ellipsoid Axis C,1,3,
-0.0549016,-0.0453367,0.997462,um,Surface,Ellipsoid Axis C,1,4,
-0.0624036,0.0683871,0.995705,um,Surface,Ellipsoid Axis C,1,5,
0.313178,0.0328124,0.949127,um,Surface,Ellipsoid Axis C,1,6,
0.0653522,0.0331239,0.997312,um,Surface,Ellipsoid Axis C,1,7,
-0.04189,-0.152424,0.987427,um,Surface,Ellipsoid Axis C,1,8,
-0.0173967,0.0733024,0.997158,um,Surface,Ellipsoid Axis C,1,9,
-0.144639,0.133756,0.980403,um,Surface,Ellipsoid Axis C,1,10,
0.049931,0.00259708,0.998749,um,Surface,Ellipsoid Axis C,1,11,
0.134425,0.249019,0.959124,um,Surface,Ellipsoid Axis C,1,12,
0.0925844,0.11754,0.988743,um,Surface,Ellipsoid Axis C,1,13,
0.0359558,0.0137514,0.999259,um,Surface,Ellipsoid Axis C,1,14,
0.0743767,0.00402729,0.997222,um,Surface,Ellipsoid Axis C,1,15,
0.19761,-0.24049,0.950324,um,Surface,Ellipsoid Axis C,1,16,
0.0912609,-0.184049,0.978671,um,Surface,Ellipsoid Axis C,1,17,
