
Volume
 ==================== 
Value,Unit,Category,Time,ID,
1.05107,um^3,Surface,1,0,
1.8822,um^3,Surface,1,1,
1.70242,um^3,Surface,1,2,
1.95631,um^3,Surface,1,3,
2.09132,um^3,Surface,1,4,
2.37024,um^3,Surface,1,5,
2.30148,um^3,Surface,1,6,
2.16059,um^3,Surface,1,7,
2.03164,um^3,Surface,1,8,
1.16038,um^3,Surface,1,9,
1.94068,um^3,Surface,1,10,
2.87187,um^3,Surface,1,11,
1.78856,um^3,Surface,1,12,
1.55305,um^3,Surface,1,13,
1.34778,um^3,Surface,1,14,
1.19219,um^3,Surface,1,15,
1.5418,um^3,Surface,1,16,
1.64741,um^3,Surface,1,17,
