
Ellipsoid Axis Length B
 ==================== 
Value,Unit,Category,Time,ID,
0.616692,um,Surface,1,0,
0.892018,um,Surface,1,1,
0.747074,um,Surface,1,2,
0.821171,um,Surface,1,3,
0.936044,um,Surface,1,4,
0.924287,um,Surface,1,5,
0.903596,um,Surface,1,6,
0.732425,um,Surface,1,7,
0.822592,um,Surface,1,8,
0.597411,um,Surface,1,9,
0.820905,um,Surface,1,10,
0.972822,um,Surface,1,11,
0.689826,um,Surface,1,12,
0.758828,um,Surface,1,13,
0.595049,um,Surface,1,14,
0.606745,um,Surface,1,15,
0.637451,um,Surface,1,16,
0.6574,um,Surface,1,17,
