
Ellipsoid Axis Length C
 ==================== 
Value,Unit,Category,Time,ID,
0.869659,um,Surface,1,0,
1.06855,um,Surface,1,1,
1.07455,um,Surface,1,2,
1.09575,um,Surface,1,3,
1.04013,um,Surface,1,4,
1.25017,um,Surface,1,5,
1.17801,um,Surface,1,6,
1.30441,um,Surface,1,7,
1.1056,um,Surface,1,8,
0.926133,um,Surface,1,9,
1.14588,um,Surface,1,10,
1.26521,um,Surface,1,11,
1.22043,um,Surface,1,12,
1.06508,um,Surface,1,13,
1.14651,um,Surface,1,14,
1.14118,um,Surface,1,15,
1.13985,um,Surface,1,16,
1.11569,um,Surface,1,17,
