
Ellipsoid Axis Length B
 ==================== 
Value,Unit,Category,Time,ID,
0.759475,um,Surface,1,0,
0.583633,um,Surface,1,1,
0.674753,um,Surface,1,2,
0.634862,um,Surface,1,3,
0.720112,um,Surface,1,4,
0.886273,um,Surface,1,5,
0.556138,um,Surface,1,6,
0.640947,um,Surface,1,7,
0.498394,um,Surface,1,8,
0.594491,um,Surface,1,9,
0.719663,um,Surface,1,10,
0.716396,um,Surface,1,11,
1.03601,um,Surface,1,12,
0.709849,um,Surface,1,13,
0.549701,um,Surface,1,14,
0.351482,um,Surface,1,15,
0.828348,um,Surface,1,16,
0.355992,um,Surface,1,17,
0.673924,um,Surface,1,18,
0.51577,um,Surface,1,19,
0.493034,um,Surface,1,20,
0.599611,um,Surface,1,21,
0.81849,um,Surface,1,22,
0.634993,um,Surface,1,23,
0.58767,um,Surface,1,24,
0.647267,um,Surface,1,25,
0.546981,um,Surface,1,26,
0.53156,um,Surface,1,27,
0.558169,um,Surface,1,28,
0.65153,um,Surface,1,29,
0.738538,um,Surface,1,30,
0.618689,um,Surface,1,31,
0.713411,um,Surface,1,32,
0.548517,um,Surface,1,33,
0.826563,um,Surface,1,34,
0.686648,um,Surface,1,35,
0.604353,um,Surface,1,36,
0.537718,um,Surface,1,37,
0.691217,um,Surface,1,38,
0.526158,um,Surface,1,39,
0.559935,um,Surface,1,40,
0.814673,um,Surface,1,41,
0.529818,um,Surface,1,42,
0.7824,um,Surface,1,43,
0.610912,um,Surface,1,44,
0.690371,um,Surface,1,45,
0.41091,um,Surface,1,46,
