
Ellipsoid Axis Length A
 ==================== 
Value,Unit,Category,Time,ID,
0.440484,um,Surface,1,0,
0.547733,um,Surface,1,1,
0.374846,um,Surface,1,2,
0.556941,um,Surface,1,3,
0.366982,um,Surface,1,4,
0.501321,um,Surface,1,5,
0.348775,um,Surface,1,6,
0.50468,um,Surface,1,7,
0.433588,um,Surface,1,8,
0.437585,um,Surface,1,9,
0.411491,um,Surface,1,10,
0.502282,um,Surface,1,11,
0.491149,um,Surface,1,12,
0.355141,um,Surface,1,13,
0.375201,um,Surface,1,14,
0.272519,um,Surface,1,15,
0.462091,um,Surface,1,16,
0.213251,um,Surface,1,17,
0.462383,um,Surface,1,18,
0.484196,um,Surface,1,19,
0.403538,um,Surface,1,20,
0.390399,um,Surface,1,21,
0.415865,um,Surface,1,22,
0.55816,um,Surface,1,23,
0.451114,um,Surface,1,24,
0.454922,um,Surface,1,25,
0.393005,um,Surface,1,26,
0.437163,um,Surface,1,27,
0.459367,um,Surface,1,28,
0.490327,um,Surface,1,29,
0.487473,um,Surface,1,30,
0.453035,um,Surface,1,31,
0.50053,um,Surface,1,32,
0.382264,um,Surface,1,33,
0.403176,um,Surface,1,34,
0.389644,um,Surface,1,35,
0.359681,um,Surface,1,36,
0.488432,um,Surface,1,37,
0.470678,um,Surface,1,38,
0.350344,um,Surface,1,39,
0.498458,um,Surface,1,40,
0.535143,um,Surface,1,41,
0.395381,um,Surface,1,42,
0.470294,um,Surface,1,43,
0.525493,um,Surface,1,44,
0.595304,um,Surface,1,45,
1.3328e-007,um,Surface,1,46,
