
Ellipsoid Axis C
 ==================== 
Ellipsoid Axis C X,Ellipsoid Axis C Y,Ellipsoid Axis C Z,Unit,Category,Collection,Time,ID,
0.251961,-0.271685,0.928818,um,Surface,Ellipsoid Axis C,1,0,
0.215987,-0.115102,0.969588,um,Surface,Ellipsoid Axis C,1,1,
-0.883762,0.458748,0.0922729,um,Surface,Ellipsoid Axis C,1,2,
0.0534832,0.0354847,0.997938,um,Surface,Ellipsoid Axis C,1,3,
0.445953,0.894915,-0.0159435,um,Surface,Ellipsoid Axis C,1,4,
-0.036372,0.061632,0.997436,um,Surface,Ellipsoid Axis C,1,5,
-0.612794,-0.788247,-0.0561289,um,Surface,Ellipsoid Axis C,1,6,
0.0333657,-0.0240373,0.999154,um,Surface,Ellipsoid Axis C,1,7,
0.266818,0.00107799,0.963746,um,Surface,Ellipsoid Axis C,1,8,
-0.025273,-0.120961,0.992335,um,Surface,Ellipsoid Axis C,1,9,
-0.450128,0.170735,0.87649,um,Surface,Ellipsoid Axis C,1,10,
0.0825235,-0.00653633,0.996568,um,Surface,Ellipsoid Axis C,1,11,
0.52643,0.828902,0.189189,um,Surface,Ellipsoid Axis C,1,12,
0.939067,-0.058998,-0.338634,um,Surface,Ellipsoid Axis C,1,13,
-0.012511,0.022876,0.99966,um,Surface,Ellipsoid Axis C,1,14,
0.995934,0.0900097,-0.00359216,um,Surface,Ellipsoid Axis C,1,15,
0.230224,0.326557,-0.91671,um,Surface,Ellipsoid Axis C,1,16,
0.441072,-0.890227,0.113801,um,Surface,Ellipsoid Axis C,1,17,
0.0590075,-0.00488936,0.998246,um,Surface,Ellipsoid Axis C,1,18,
0.0949962,-0.000339033,0.995478,um,Surface,Ellipsoid Axis C,1,19,
-0.00190315,-0.00874859,0.99996,um,Surface,Ellipsoid Axis C,1,20,
0.1142,0.107286,0.987648,um,Surface,Ellipsoid Axis C,1,21,
0.265838,-0.931592,0.247924,um,Surface,Ellipsoid Axis C,1,22,
0.1479,-0.0179375,0.98884,um,Surface,Ellipsoid Axis C,1,23,
0.0832232,-0.0240579,0.99624,um,Surface,Ellipsoid Axis C,1,24,
0.0198662,-0.0041981,0.999794,um,Surface,Ellipsoid Axis C,1,25,
0.00722494,0.141692,0.989884,um,Surface,Ellipsoid Axis C,1,26,
0.0516331,-0.0396366,0.997879,um,Surface,Ellipsoid Axis C,1,27,
0.203422,-0.0166655,0.978949,um,Surface,Ellipsoid Axis C,1,28,
0.0600815,-0.0061934,0.998174,um,Surface,Ellipsoid Axis C,1,29,
0.0349136,-0.040262,0.998579,um,Surface,Ellipsoid Axis C,1,30,
-0.0066791,-0.0355028,0.999347,um,Surface,Ellipsoid Axis C,1,31,
0.171868,-0.186957,0.967217,um,Surface,Ellipsoid Axis C,1,32,
0.0319361,-0.0682986,0.997154,um,Surface,Ellipsoid Axis C,1,33,
-0.975389,0.209112,-0.0699204,um,Surface,Ellipsoid Axis C,1,34,
-0.205399,0.0464776,-0.977574,um,Surface,Ellipsoid Axis C,1,35,
0.155885,-0.264353,0.951744,um,Surface,Ellipsoid Axis C,1,36,
0.0853962,-0.0619895,0.994417,um,Surface,Ellipsoid Axis C,1,37,
0.088797,-0.0176637,0.995893,um,Surface,Ellipsoid Axis C,1,38,
0.229739,-0.476763,0.848479,um,Surface,Ellipsoid Axis C,1,39,
0.0682557,-0.014796,0.997558,um,Surface,Ellipsoid Axis C,1,40,
0.0377583,-0.0363996,0.998624,um,Surface,Ellipsoid Axis C,1,41,
-0.0257019,-0.00641428,0.999649,um,Surface,Ellipsoid Axis C,1,42,
0.335594,-0.06854,0.93951,um,Surface,Ellipsoid Axis C,1,43,
-0.0441871,0.214875,0.975641,um,Surface,Ellipsoid Axis C,1,44,
0.189597,0.149177,0.970463,um,Surface,Ellipsoid Axis C,1,45,
-0.896813,0.442409,-3.50204e-013,um,Surface,Ellipsoid Axis C,1,46,
