
Volume
 ==================== 
Value,Unit,Category,Time,ID,
1.15051,um^3,Surface,1,0,
1.25744,um^3,Surface,1,1,
0.880513,um^3,Surface,1,2,
1.8127,um^3,Surface,1,3,
0.760885,um^3,Surface,1,4,
2.22168,um^3,Surface,1,5,
0.524895,um^3,Surface,1,6,
1.59597,um^3,Surface,1,7,
0.760987,um^3,Surface,1,8,
1.16789,um^3,Surface,1,9,
0.914942,um^3,Surface,1,10,
1.48688,um^3,Surface,1,11,
2.95066,um^3,Surface,1,12,
0.695435,um^3,Surface,1,13,
0.606619,um^3,Surface,1,14,
0.229864,um^3,Surface,1,15,
1.38459,um^3,Surface,1,16,
0.142169,um^3,Surface,1,17,
1.07815,um^3,Surface,1,18,
0.882684,um^3,Surface,1,19,
0.703177,um^3,Surface,1,20,
0.629436,um^3,Surface,1,21,
1.21224,um^3,Surface,1,22,
1.8847,um^3,Surface,1,23,
0.95083,um^3,Surface,1,24,
1.1357,um^3,Surface,1,25,
0.649358,um^3,Surface,1,26,
0.831458,um^3,Surface,1,27,
1.11346,um^3,Surface,1,28,
1.36239,um^3,Surface,1,29,
1.49923,um^3,Surface,1,30,
0.98805,um^3,Surface,1,31,
1.2608,um^3,Surface,1,32,
0.741488,um^3,Surface,1,33,
1.25606,um^3,Surface,1,34,
0.711954,um^3,Surface,1,35,
0.672325,um^3,Surface,1,36,
1.05237,um^3,Surface,1,37,
1.34618,um^3,Surface,1,38,
0.539583,um^3,Surface,1,39,
1.26631,um^3,Surface,1,40,
2.14803,um^3,Surface,1,41,
0.701237,um^3,Surface,1,42,
1.38355,um^3,Surface,1,43,
1.85757,um^3,Surface,1,44,
2.34722,um^3,Surface,1,45,
0.149023,um^3,Surface,1,46,
