
Position
 ==================== 
Position X,Position Y,Position Z,Unit,Category,Collection,Time,ID,
43.8466,42.7762,-81.67,um,Surface,Position,1,0,
39.2467,44.6432,-81.6935,um,Surface,Position,1,1,
42.6368,45.4523,-81.6686,um,Surface,Position,1,2,
43.8106,45.8145,-81.5642,um,Surface,Position,1,3,
45.0392,46.0002,-81.6008,um,Surface,Position,1,4,
35.2611,46.2097,-81.6479,um,Surface,Position,1,5,
39.1965,45.9755,-81.6665,um,Surface,Position,1,6,
39.8533,44.0137,-81.1354,um,Surface,Position,1,7,
41.2858,48.0652,-80.4809,um,Surface,Position,1,8,
63.9385,29.5703,-81.7002,um,Surface,Position,1,9,
53.1181,42.3744,-81.6514,um,Surface,Position,1,10,
62.3623,42.9892,-81.6974,um,Surface,Position,1,11,
51.1632,43.8125,-81.5143,um,Surface,Position,1,12,
49.7542,44.974,-81.6447,um,Surface,Position,1,13,
47.8114,46.2074,-81.6318,um,Surface,Position,1,14,
47.884,47.277,-81.6177,um,Surface,Position,1,15,
46.2936,48.0813,-81.5881,um,Surface,Position,1,16,
51.026,48.0926,-81.6064,um,Surface,Position,1,17,
52.2763,48.4437,-81.6398,um,Surface,Position,1,18,
47.5643,48.5622,-81.6415,um,Surface,Position,1,19,
48.3446,48.6123,-81.2313,um,Surface,Position,1,20,
45.4137,48.6519,-81.5998,um,Surface,Position,1,21,
42.1969,49.382,-81.6129,um,Surface,Position,1,22,
43.6443,50.0678,-81.3738,um,Surface,Position,1,23,
42.6414,50.5878,-81.6376,um,Surface,Position,1,24,
44.7308,50.7219,-81.6258,um,Surface,Position,1,25,
42.5018,51.9077,-81.5999,um,Surface,Position,1,26,
45.4066,52.7476,-81.5516,um,Surface,Position,1,27,
44.1172,53.5123,-81.3721,um,Surface,Position,1,28,
26.8173,61.5904,-81.5052,um,Surface,Position,1,29,
43.5039,67.3872,-81.5162,um,Surface,Position,1,30,
50.4211,49.3045,-81.6536,um,Surface,Position,1,31,
51.5253,49.4657,-81.7191,um,Surface,Position,1,32,
48.3528,49.47,-81.5978,um,Surface,Position,1,33,
46.6521,49.5898,-81.6375,um,Surface,Position,1,34,
51.9582,50.3299,-81.6679,um,Surface,Position,1,35,
49.4551,50.7015,-81.6419,um,Surface,Position,1,36,
46.4825,52.267,-81.5955,um,Surface,Position,1,37,
46.379,53.3739,-81.6252,um,Surface,Position,1,38,
47.8399,54.5133,-81.5157,um,Surface,Position,1,39,
54.5959,56.2041,-81.6614,um,Surface,Position,1,40,
62.3586,65.5349,-81.5976,um,Surface,Position,1,41,
49.8357,49.7951,-81.1815,um,Surface,Position,1,42,
51.9607,52.8992,-81.0542,um,Surface,Position,1,43,
49.9469,55.5423,-81.1223,um,Surface,Position,1,44,
54.2991,59.3201,-80.8039,um,Surface,Position,1,45,
50.1684,61.4975,-78.5955,um,Surface,Position,1,46,
