
Ellipsoid Axis Length C
 ==================== 
Value,Unit,Category,Time,ID,
0.844231,um,Surface,1,0,
0.94762,um,Surface,1,1,
1.01515,um,Surface,1,2,
1.25144,um,Surface,1,3,
0.853354,um,Surface,1,4,
1.21406,um,Surface,1,5,
0.875175,um,Surface,1,6,
1.25744,um,Surface,1,7,
0.839122,um,Surface,1,8,
1.15337,um,Surface,1,9,
0.806078,um,Surface,1,10,
0.96185,um,Surface,1,11,
1.69411,um,Surface,1,12,
0.826942,um,Surface,1,13,
0.806543,um,Surface,1,14,
0.556877,um,Surface,1,15,
0.8551,um,Surface,1,16,
0.396051,um,Surface,1,17,
0.840976,um,Surface,1,18,
0.858292,um,Surface,1,19,
0.857063,um,Surface,1,20,
0.752278,um,Surface,1,21,
0.894214,um,Surface,1,22,
1.27628,um,Surface,1,23,
0.859765,um,Surface,1,24,
0.870806,um,Surface,1,25,
0.801029,um,Surface,1,26,
0.861512,um,Surface,1,27,
1.07987,um,Surface,1,28,
1.0164,um,Surface,1,29,
1.00722,um,Surface,1,30,
0.849528,um,Surface,1,31,
0.847325,um,Surface,1,32,
0.850838,um,Surface,1,33,
0.972464,um,Surface,1,34,
0.723046,um,Surface,1,35,
0.82076,um,Surface,1,36,
0.933628,um,Surface,1,37,
0.962695,um,Surface,1,38,
0.798371,um,Surface,1,39,
1.10009,um,Surface,1,40,
1.19462,um,Surface,1,41,
0.897799,um,Surface,1,42,
0.884872,um,Surface,1,43,
1.38817,um,Surface,1,44,
1.36562,um,Surface,1,45,
0.426565,um,Surface,1,46,
