
Position
 ==================== 
Position X,Position Y,Position Z,Unit,Category,Collection,Time,ID,
6.62518,3.05619,-80.3344,um,Surface,Position,1,0,
7.82683,3.35875,-80.2761,um,Surface,Position,1,1,
14.8083,7.11719,-80.3563,um,Surface,Position,1,2,
14.4011,7.84801,-80.3104,um,Surface,Position,1,3,
13.3022,18.2551,-80.2746,um,Surface,Position,1,4,
16.7018,18.4131,-80.3118,um,Surface,Position,1,5,
16.3309,19.3269,-80.3259,um,Surface,Position,1,6,
11.3835,19.9829,-80.2352,um,Surface,Position,1,7,
0.215135,22.3883,-80.2545,um,Surface,Position,1,8,
1.46143,27.0701,-80.2736,um,Surface,Position,1,9,
1.85954,37.1991,-79.6987,um,Surface,Position,1,10,
