
Ellipsoid Axis C
 ==================== 
Ellipsoid Axis C X,Ellipsoid Axis C Y,Ellipsoid Axis C Z,Unit,Category,Collection,Time,ID,
0.298902,0.441471,0.846026,um,Surface,Ellipsoid Axis C,1,0,
-0.208296,-0.146904,0.966971,um,Surface,Ellipsoid Axis C,1,1,
0.013391,-0.00410972,0.999902,um,Surface,Ellipsoid Axis C,1,2,
0.00860713,0.00337967,0.999957,um,Surface,Ellipsoid Axis C,1,3,
0.0550338,0.0337874,0.997913,um,Surface,Ellipsoid Axis C,1,4,
0.79632,0.49963,-0.340947,um,Surface,Ellipsoid Axis C,1,5,
0.0737525,0.102843,0.99196,um,Surface,Ellipsoid Axis C,1,6,
0.285049,-0.00867535,0.958474,um,Surface,Ellipsoid Axis C,1,7,
-0.00306202,-0.0241423,0.999704,um,Surface,Ellipsoid Axis C,1,8,
0.0289402,0.0562265,0.997999,um,Surface,Ellipsoid Axis C,1,9,
0.0061221,0.0222545,0.999734,um,Surface,Ellipsoid Axis C,1,10,
